corpus,drama,begin,end,Speaker.figure_surface,Speaker.figure_id,Token.surface,Token.pos,Token.lemma,length,Mentioned.figure_surface,Mentioned.figure_id
tg,tv63.0,1538,1586,ZIBÓLKO,3,Wer,PWS,wer,1560,,
tg,tv63.0,1538,1586,ZIBÓLKO,3,steht,VVFIN,stehen,1560,,
tg,tv63.0,1538,1586,ZIBÓLKO,3,da,ADV,da,1560,,
tg,tv63.0,1538,1586,ZIBÓLKO,3,oben,ADV,oben,1560,,
tg,tv63.0,1538,1586,ZIBÓLKO,3,auf,APPR,auf,1560,,
tg,tv63.0,1538,1586,ZIBÓLKO,3,der,ART,der,1560,,
tg,tv63.0,1538,1586,ZIBÓLKO,3,Trittleiter,NN,trittleiter,1560,,
tg,tv63.0,1538,1586,ZIBÓLKO,3,?,$.,--,1560,,
tg,tv63.0,1591,1621,NAPOLÉON,5,Europas,NE,europa,1560,,
tg,tv63.0,1591,1621,NAPOLÉON,5,–,XY,–,1560,,
tg,tv63.0,1591,1621,NAPOLÉON,5,Napoléon,NE,napoléon,1560,,
tg,tv63.0,1591,1621,NAPOLÉON,5,"!",$.,--,1560,,
tg,tv63.0,1626,1678,ZIBÓLKO,3,Und,KON,und,1560,,
tg,tv63.0,1626,1678,ZIBÓLKO,3,was,PWS,was,1560,,
tg,tv63.0,1626,1678,ZIBÓLKO,3,will,VMFIN,wollen,1560,,
tg,tv63.0,1626,1678,ZIBÓLKO,3,Napoléon,NE,napoléon,1560,,
tg,tv63.0,1626,1678,ZIBÓLKO,3,auf,APPR,auf,1560,,
tg,tv63.0,1626,1678,ZIBÓLKO,3,der,ART,der,1560,,
tg,tv63.0,1626,1678,ZIBÓLKO,3,Trittleiter,NN,trittleiter,1560,,
tg,tv63.0,1626,1678,ZIBÓLKO,3,?,$.,--,1560,,
tg,tv63.0,1683,1830,NAPOLÉON,5,Mein,PPOSAT,mein,1560,,
tg,tv63.0,1683,1830,NAPOLÉON,5,lieber,ADJD,lieb,1560,,
tg,tv63.0,1683,1830,NAPOLÉON,5,Zibólko,NN,zibólko,1560,,
tg,tv63.0,1683,1830,NAPOLÉON,5,",","$,",--,1560,,
tg,tv63.0,1683,1830,NAPOLÉON,5,Sie,PPER,sie,1560,,
tg,tv63.0,1683,1830,NAPOLÉON,5,scheinen,VVFIN,scheinen,1560,,
tg,tv63.0,1683,1830,NAPOLÉON,5,sehr,ADV,sehr,1560,,
tg,tv63.0,1683,1830,NAPOLÉON,5,kurzsichtig,ADJD,kurzsichtig,1560,,
tg,tv63.0,1683,1830,NAPOLÉON,5,zu,PTKZU,zu,1560,,
tg,tv63.0,1683,1830,NAPOLÉON,5,sein,VAINF,sein,1560,,
tg,tv63.0,1683,1830,NAPOLÉON,5,.,$.,--,1560,,
tg,tv63.0,1683,1830,NAPOLÉON,5,Sehen,NN,sehen,1560,,
tg,tv63.0,1683,1830,NAPOLÉON,5,Sie,PPER,sie,1560,,
tg,tv63.0,1683,1830,NAPOLÉON,5,denn,ADV,denn,1560,,
tg,tv63.0,1683,1830,NAPOLÉON,5,nicht,PTKNEG,nicht,1560,,
tg,tv63.0,1683,1830,NAPOLÉON,5,",","$,",--,1560,,
tg,tv63.0,1683,1830,NAPOLÉON,5,dass,KOUS,daß,1560,,
tg,tv63.0,1683,1830,NAPOLÉON,5,ich,PPER,ich,1560,NAPOLÉON,5
tg,tv63.0,1683,1830,NAPOLÉON,5,hier,ADV,hier,1560,,
tg,tv63.0,1683,1830,NAPOLÉON,5,oben,ADV,oben,1560,,
tg,tv63.0,1683,1830,NAPOLÉON,5,das,ART,der,1560,,
tg,tv63.0,1683,1830,NAPOLÉON,5,zwanzigste,ADJA,zwanzigster,1560,,
tg,tv63.0,1683,1830,NAPOLÉON,5,Jahrhundert,NN,jahrhundert,1560,,
tg,tv63.0,1683,1830,NAPOLÉON,5,regiere,VVFIN,regieren,1560,,
tg,tv63.0,1683,1830,NAPOLÉON,5,?,$.,--,1560,,
tg,tv63.0,1835,1963,ZIBÓLKO,3,Was,PWS,was,1560,,
tg,tv63.0,1835,1963,ZIBÓLKO,3,?,$.,--,1560,,
tg,tv63.0,1835,1963,ZIBÓLKO,3,Da,ADV,da,1560,,
tg,tv63.0,1835,1963,ZIBÓLKO,3,oben,ADV,oben,1560,,
tg,tv63.0,1835,1963,ZIBÓLKO,3,auf,APPR,auf,1560,,
tg,tv63.0,1835,1963,ZIBÓLKO,3,meiner,PPOSAT,mein,1560,ZIBÓLKO,3
tg,tv63.0,1835,1963,ZIBÓLKO,3,Trittleiter,NN,trittleiter,1560,,
tg,tv63.0,1835,1963,ZIBÓLKO,3,regieren,VVFIN,regieren,1560,,
tg,tv63.0,1835,1963,ZIBÓLKO,3,Sie,PPER,sie,1560,,
tg,tv63.0,1835,1963,ZIBÓLKO,3,–,VVFIN,–,1560,,
tg,tv63.0,1835,1963,ZIBÓLKO,3,das,ART,der,1560,,
tg,tv63.0,1835,1963,ZIBÓLKO,3,ganze,ADJA,ganz,1560,,
tg,tv63.0,1835,1963,ZIBÓLKO,3,zwanzigste,ADJA,zwanzigster,1560,,
tg,tv63.0,1835,1963,ZIBÓLKO,3,Jahrhundert,NN,jahrhundert,1560,,
tg,tv63.0,1835,1963,ZIBÓLKO,3,?,$.,--,1560,,
tg,tv63.0,1835,1963,ZIBÓLKO,3,Wie,PWAV,wie,1560,,
tg,tv63.0,1835,1963,ZIBÓLKO,3,sind,VAFIN,sein,1560,,
tg,tv63.0,1835,1963,ZIBÓLKO,3,Sie,PPER,sie,1560,,
tg,tv63.0,1835,1963,ZIBÓLKO,3,blos,ADJD,blos,1560,,
tg,tv63.0,1835,1963,ZIBÓLKO,3,da,ADV,da,1560,,
tg,tv63.0,1835,1963,ZIBÓLKO,3,hingekommen,VVPP,hinnekmen,1560,,
tg,tv63.0,1835,1963,ZIBÓLKO,3,?,$.,--,1560,,
tg,tv63.0,1968,2112,NAPOLÉON,5,Wundern,VVIMP,wundern,1560,,
tg,tv63.0,1968,2112,NAPOLÉON,5,Sie,PPER,sie,1560,,
tg,tv63.0,1968,2112,NAPOLÉON,5,sich,PRF,sich,1560,,
tg,tv63.0,1968,2112,NAPOLÉON,5,blos,ADJD,blos,1560,,
tg,tv63.0,1968,2112,NAPOLÉON,5,nicht,PTKNEG,nicht,1560,,
tg,tv63.0,1968,2112,NAPOLÉON,5,so,ADV,so,1560,,
tg,tv63.0,1968,2112,NAPOLÉON,5,viel,PIS,viel,1560,,
tg,tv63.0,1968,2112,NAPOLÉON,5,.,$.,--,1560,,
tg,tv63.0,1968,2112,NAPOLÉON,5,Das,PDS,der,1560,,
tg,tv63.0,1968,2112,NAPOLÉON,5,ist,VAFIN,sein,1560,,
tg,tv63.0,1968,2112,NAPOLÉON,5,ja,ADV,ja,1560,,
tg,tv63.0,1968,2112,NAPOLÉON,5,lästig,ADJD,lästig,1560,,
tg,tv63.0,1968,2112,NAPOLÉON,5,.,$.,--,1560,,
tg,tv63.0,1968,2112,NAPOLÉON,5,Sie,PPER,sie,1560,,
tg,tv63.0,1968,2112,NAPOLÉON,5,wissen,VVFIN,wissen,1560,,
tg,tv63.0,1968,2112,NAPOLÉON,5,doch,ADV,doch,1560,,
tg,tv63.0,1968,2112,NAPOLÉON,5,",","$,",--,1560,,
tg,tv63.0,1968,2112,NAPOLÉON,5,dass,KOUS,daß,1560,,
tg,tv63.0,1968,2112,NAPOLÉON,5,ich,PPER,ich,1560,NAPOLÉON,5
tg,tv63.0,1968,2112,NAPOLÉON,5,mich,PRF,mich,1560,NAPOLÉON,5
tg,tv63.0,1968,2112,NAPOLÉON,5,in,APPR,in,1560,,
tg,tv63.0,1968,2112,NAPOLÉON,5,meinem,PPOSAT,mein,1560,NAPOLÉON,5
tg,tv63.0,1968,2112,NAPOLÉON,5,ganzen,ADJA,ganz,1560,,
tg,tv63.0,1968,2112,NAPOLÉON,5,Leben,NN,leben,1560,,
tg,tv63.0,1968,2112,NAPOLÉON,5,niemals,ADV,niemals,1560,,
tg,tv63.0,1968,2112,NAPOLÉON,5,gewundert,VVPP,wundern,1560,,
tg,tv63.0,1968,2112,NAPOLÉON,5,habe,VAFIN,haben,1560,,
tg,tv63.0,1968,2112,NAPOLÉON,5,.,$.,--,1560,,
tg,tv63.0,2117,2371,ZIBÓLKO,3,Ich,PPER,ich,1560,,
tg,tv63.0,2117,2371,ZIBÓLKO,3,möcht,VVFIN,möchen,1560,,
tg,tv63.0,2117,2371,ZIBÓLKO,3,',$[,--,1560,,
tg,tv63.0,2117,2371,ZIBÓLKO,3,aber,KON,aber,1560,,
tg,tv63.0,2117,2371,ZIBÓLKO,3,ausserdem,ADJA,außerdem,1560,,
tg,tv63.0,2117,2371,ZIBÓLKO,3,sehr,ADV,sehr,1560,,
tg,tv63.0,2117,2371,ZIBÓLKO,3,gerne,ADV,gerne,1560,,
tg,tv63.0,2117,2371,ZIBÓLKO,3,wissen,VVINF,wissen,1560,,
tg,tv63.0,2117,2371,ZIBÓLKO,3,",","$,",--,1560,,
tg,tv63.0,2117,2371,ZIBÓLKO,3,wie,PWAV,wie,1560,,
tg,tv63.0,2117,2371,ZIBÓLKO,3,Sie's,NE,sie's,1560,,
tg,tv63.0,2117,2371,ZIBÓLKO,3,fertig,ADJD,fertig,1560,,
tg,tv63.0,2117,2371,ZIBÓLKO,3,bringen,VVINF,bringen,1560,,
tg,tv63.0,2117,2371,ZIBÓLKO,3,",","$,",--,1560,,
tg,tv63.0,2117,2371,ZIBÓLKO,3,da,ADV,da,1560,,
tg,tv63.0,2117,2371,ZIBÓLKO,3,oben,ADV,oben,1560,,
tg,tv63.0,2117,2371,ZIBÓLKO,3,so,ADV,so,1560,,
tg,tv63.0,2117,2371,ZIBÓLKO,3,ohne,APPR,ohne,1560,,
tg,tv63.0,2117,2371,ZIBÓLKO,3,Weiteres,NN,weiterer,1560,,
tg,tv63.0,2117,2371,ZIBÓLKO,3,zu,APPR,zu,1560,,
tg,tv63.0,2117,2371,ZIBÓLKO,3,regieren,ADJA,regieren,1560,,
tg,tv63.0,2117,2371,ZIBÓLKO,3,–,NN,–,1560,,
tg,tv63.0,2117,2371,ZIBÓLKO,3,gleich,ADV,gleich,1560,,
tg,tv63.0,2117,2371,ZIBÓLKO,3,ein,ART,ein,1560,,
tg,tv63.0,2117,2371,ZIBÓLKO,3,veritables,ADJA,veritabl,1560,,
tg,tv63.0,2117,2371,ZIBÓLKO,3,Jahrhundert,NN,jahrhundert,1560,,
tg,tv63.0,2117,2371,ZIBÓLKO,3,zu,PTKZU,zu,1560,,
tg,tv63.0,2117,2371,ZIBÓLKO,3,regieren,VVINF,regieren,1560,,
tg,tv63.0,2117,2371,ZIBÓLKO,3,.,$.,--,1560,,
tg,tv63.0,2117,2371,ZIBÓLKO,3,Brauchen,VVIMP,brauchen,1560,,
tg,tv63.0,2117,2371,ZIBÓLKO,3,Sie,PPER,sie,1560,,
tg,tv63.0,2117,2371,ZIBÓLKO,3,dazu,PROAV,dazu,1560,,
tg,tv63.0,2117,2371,ZIBÓLKO,3,nicht,PTKNEG,nicht,1560,,
tg,tv63.0,2117,2371,ZIBÓLKO,3,ein,ART,ein,1560,,
tg,tv63.0,2117,2371,ZIBÓLKO,3,kleines,ADJA,klein,1560,,
tg,tv63.0,2117,2371,ZIBÓLKO,3,Szepter,NN,szepter,1560,,
tg,tv63.0,2117,2371,ZIBÓLKO,3,?,$.,--,1560,,
tg,tv63.0,2377,2537,NAPOLÉON,5,Nein,PTKANT,nein,1560,,
tg,tv63.0,2377,2537,NAPOLÉON,5,",","$,",--,1560,,
tg,tv63.0,2377,2537,NAPOLÉON,5,mein,PPOSAT,mein,1560,NAPOLÉON,5
tg,tv63.0,2377,2537,NAPOLÉON,5,lieber,ADJD,lieber,1560,,
tg,tv63.0,2377,2537,NAPOLÉON,5,Zibólko,NE,zibólko,1560,,
tg,tv63.0,2377,2537,NAPOLÉON,5,.,$.,--,1560,,
tg,tv63.0,2377,2537,NAPOLÉON,5,Ich,PPER,ich,1560,,
tg,tv63.0,2377,2537,NAPOLÉON,5,stehe,VVFIN,stehen,1560,,
tg,tv63.0,2377,2537,NAPOLÉON,5,hier,ADV,hier,1560,,
tg,tv63.0,2377,2537,NAPOLÉON,5,ganz,ADV,ganz,1560,,
tg,tv63.0,2377,2537,NAPOLÉON,5,einfach,ADJD,einfach,1560,,
tg,tv63.0,2377,2537,NAPOLÉON,5,da,ADV,da,1560,,
tg,tv63.0,2377,2537,NAPOLÉON,5,und,KON,und,1560,,
tg,tv63.0,2377,2537,NAPOLÉON,5,suggeriere,VVFIN,suggerieren,1560,,
tg,tv63.0,2377,2537,NAPOLÉON,5,den,ART,der,1560,,
tg,tv63.0,2377,2537,NAPOLÉON,5,Menschen,NN,mensch,1560,,
tg,tv63.0,2377,2537,NAPOLÉON,5,des,ART,der,1560,,
tg,tv63.0,2377,2537,NAPOLÉON,5,zwanzigsten,ADJA,zwanzigster,1560,,
tg,tv63.0,2377,2537,NAPOLÉON,5,Jahrhunderts,NN,jahrhundert,1560,,
tg,tv63.0,2377,2537,NAPOLÉON,5,meine,PPOSAT,mein,1560,NAPOLÉON,5
tg,tv63.0,2377,2537,NAPOLÉON,5,Gedanken,NN,gedanke,1560,,
tg,tv63.0,2377,2537,NAPOLÉON,5,auf,PTKVZ,auf,1560,,
tg,tv63.0,2377,2537,NAPOLÉON,5,.,$.,--,1560,,
tg,tv63.0,2377,2537,NAPOLÉON,5,So,ADV,so,1560,,
tg,tv63.0,2377,2537,NAPOLÉON,5,regier,VVFIN,regier,1560,,
tg,tv63.0,2377,2537,NAPOLÉON,5,ich,PPER,ich,1560,NAPOLÉON,5
tg,tv63.0,2377,2537,NAPOLÉON,5,"!",$.,--,1560,,
tg,tv63.0,2543,2646,ZIBÓLKO,3,Sie,PPER,sie,1560,,
tg,tv63.0,2543,2646,ZIBÓLKO,3,?,$.,--,1560,,
tg,tv63.0,2543,2646,ZIBÓLKO,3,So,ADV,so,1560,,
tg,tv63.0,2543,2646,ZIBÓLKO,3,"!",$.,--,1560,,
tg,tv63.0,2543,2646,ZIBÓLKO,3,Na,ITJ,na,1560,,
tg,tv63.0,2543,2646,ZIBÓLKO,3,–,XY,–,1560,,
tg,tv63.0,2543,2646,ZIBÓLKO,3,das,PDS,der,1560,,
tg,tv63.0,2543,2646,ZIBÓLKO,3,begreif,VVFIN,begreif,1560,,
tg,tv63.0,2543,2646,ZIBÓLKO,3,ich,PPER,ich,1560,ZIBÓLKO,3
tg,tv63.0,2543,2646,ZIBÓLKO,3,"!",$.,--,1560,,
tg,tv63.0,2543,2646,ZIBÓLKO,3,Aber,KON,aber,1560,,
tg,tv63.0,2543,2646,ZIBÓLKO,3,–,XY,–,1560,,
tg,tv63.0,2543,2646,ZIBÓLKO,3,was,PWS,was,1560,,
tg,tv63.0,2543,2646,ZIBÓLKO,3,für,APPR,für,1560,,
tg,tv63.0,2543,2646,ZIBÓLKO,3,Gedanken,NN,gedanke,1560,,
tg,tv63.0,2543,2646,ZIBÓLKO,3,suggerieren,VVFIN,suggerieren,1560,,
tg,tv63.0,2543,2646,ZIBÓLKO,3,Sie,PPER,sie,1560,,
tg,tv63.0,2543,2646,ZIBÓLKO,3,denn,ADV,denn,1560,,
tg,tv63.0,2543,2646,ZIBÓLKO,3,den,ART,der,1560,,
tg,tv63.0,2543,2646,ZIBÓLKO,3,Menschen,NN,mensch,1560,,
tg,tv63.0,2543,2646,ZIBÓLKO,3,auf,PTKVZ,auf,1560,,
tg,tv63.0,2543,2646,ZIBÓLKO,3,?,$.,--,1560,,
tg,tv63.0,2651,2767,NAPOLÉON,5,Militärische,ADJA,militärisch,1560,,
tg,tv63.0,2651,2767,NAPOLÉON,5,–,NN,–,1560,,
tg,tv63.0,2651,2767,NAPOLÉON,5,selbstverständlich,ADJD,selbstverständlich,1560,,
tg,tv63.0,2651,2767,NAPOLÉON,5,"!",$.,--,1560,,
tg,tv63.0,2651,2767,NAPOLÉON,5,Fragen,NN,fragen,1560,,
tg,tv63.0,2651,2767,NAPOLÉON,5,Sie,PPER,sie,1560,,
tg,tv63.0,2651,2767,NAPOLÉON,5,nicht,PTKNEG,nicht,1560,,
tg,tv63.0,2651,2767,NAPOLÉON,5,so,ADV,so,1560,,
tg,tv63.0,2651,2767,NAPOLÉON,5,dumm,ADJD,dumm,1560,,
tg,tv63.0,2651,2767,NAPOLÉON,5,"!",$.,--,1560,,
tg,tv63.0,2651,2767,NAPOLÉON,5,Vergessen,VVPP,vergessen,1560,,
tg,tv63.0,2651,2767,NAPOLÉON,5,Sie,PPER,sie,1560,,
tg,tv63.0,2651,2767,NAPOLÉON,5,nicht,PTKNEG,nicht,1560,,
tg,tv63.0,2651,2767,NAPOLÉON,5,",","$,",--,1560,,
tg,tv63.0,2651,2767,NAPOLÉON,5,wen,PWS,wen,1560,,
tg,tv63.0,2651,2767,NAPOLÉON,5,Sie,PPER,sie,1560,,
tg,tv63.0,2651,2767,NAPOLÉON,5,vor,APPR,vor,1560,,
tg,tv63.0,2651,2767,NAPOLÉON,5,sich,PRF,sich,1560,,
tg,tv63.0,2651,2767,NAPOLÉON,5,haben,VAFIN,haben,1560,,
tg,tv63.0,2651,2767,NAPOLÉON,5,"!",$.,--,1560,,
tg,tv63.0,2772,2917,ZIBÓLKO,3,Ach,ITJ,ach,1560,,
tg,tv63.0,2772,2917,ZIBÓLKO,3,"!",$.,--,1560,,
tg,tv63.0,2772,2917,ZIBÓLKO,3,Jetzt,ADV,jetzt,1560,,
tg,tv63.0,2772,2917,ZIBÓLKO,3,bin,VAFIN,sein,1560,,
tg,tv63.0,2772,2917,ZIBÓLKO,3,ich,PPER,ich,1560,ZIBÓLKO,3
tg,tv63.0,2772,2917,ZIBÓLKO,3,aber,ADV,aber,1560,,
tg,tv63.0,2772,2917,ZIBÓLKO,3,erst,ADV,erst,1560,,
tg,tv63.0,2772,2917,ZIBÓLKO,3,recht,ADJD,recht,1560,,
tg,tv63.0,2772,2917,ZIBÓLKO,3,neugierig,ADJD,neugierig,1560,,
tg,tv63.0,2772,2917,ZIBÓLKO,3,.,$.,--,1560,,
tg,tv63.0,2772,2917,ZIBÓLKO,3,Gibt's,NE,gibt's,1560,,
tg,tv63.0,2772,2917,ZIBÓLKO,3,denn,ADV,denn,1560,,
tg,tv63.0,2772,2917,ZIBÓLKO,3,auch,ADV,auch,1560,,
tg,tv63.0,2772,2917,ZIBÓLKO,3,»,XY,»,1560,,
tg,tv63.0,2772,2917,ZIBÓLKO,3,militärische,ADJA,militärisch,1560,,
tg,tv63.0,2772,2917,ZIBÓLKO,3,«,NN,«,1560,,
tg,tv63.0,2772,2917,ZIBÓLKO,3,Gedanken,NN,gedanke,1560,,
tg,tv63.0,2772,2917,ZIBÓLKO,3,?,$.,--,1560,,
tg,tv63.0,2772,2917,ZIBÓLKO,3,Das,PDS,der,1560,,
tg,tv63.0,2772,2917,ZIBÓLKO,3,ist,VAFIN,sein,1560,,
tg,tv63.0,2772,2917,ZIBÓLKO,3,ja,ADV,ja,1560,,
tg,tv63.0,2772,2917,ZIBÓLKO,3,zu,APPR,zu,1560,,
tg,tv63.0,2772,2917,ZIBÓLKO,3,komisch,ADJD,komisch,1560,,
tg,tv63.0,2772,2917,ZIBÓLKO,3,"!",$.,--,1560,,
tg,tv63.0,2772,2917,ZIBÓLKO,3,Herr,NN,herr,1560,,
tg,tv63.0,2772,2917,ZIBÓLKO,3,",","$,",--,1560,,
tg,tv63.0,2772,2917,ZIBÓLKO,3,wie,PWAV,wie,1560,,
tg,tv63.0,2772,2917,ZIBÓLKO,3,sehen,VVFIN,sehen,1560,,
tg,tv63.0,2772,2917,ZIBÓLKO,3,die,ART,der,1560,,
tg,tv63.0,2772,2917,ZIBÓLKO,3,aus,APPR,aus,1560,,
tg,tv63.0,2772,2917,ZIBÓLKO,3,?,$.,--,1560,,
tg,tv63.0,2923,3437,NAPOLÉON,5,Frag,NE,frag,1560,,
tg,tv63.0,2923,3437,NAPOLÉON,5,Er,PPER,er,1560,,
tg,tv63.0,2923,3437,NAPOLÉON,5,doch,ADV,doch,1560,,
tg,tv63.0,2923,3437,NAPOLÉON,5,nicht,PTKNEG,nicht,1560,,
tg,tv63.0,2923,3437,NAPOLÉON,5,immer,ADV,immer,1560,,
tg,tv63.0,2923,3437,NAPOLÉON,5,so,ADV,so,1560,,
tg,tv63.0,2923,3437,NAPOLÉON,5,wie,KOKOM,wie,1560,,
tg,tv63.0,2923,3437,NAPOLÉON,5,ein,ART,ein,1560,,
tg,tv63.0,2923,3437,NAPOLÉON,5,alter,ADJA,alt,1560,,
tg,tv63.0,2923,3437,NAPOLÉON,5,Kammerdiener,NN,kammerdiener,1560,,
tg,tv63.0,2923,3437,NAPOLÉON,5,"!",$.,--,1560,,
tg,tv63.0,2923,3437,NAPOLÉON,5,Was,PWS,was,1560,,
tg,tv63.0,2923,3437,NAPOLÉON,5,für,APPR,für,1560,,
tg,tv63.0,2923,3437,NAPOLÉON,5,Gedanken,NN,gedanke,1560,,
tg,tv63.0,2923,3437,NAPOLÉON,5,soll,VMFIN,sollen,1560,,
tg,tv63.0,2923,3437,NAPOLÉON,5,ich,PPER,ich,1560,NAPOLÉON,5
tg,tv63.0,2923,3437,NAPOLÉON,5,denn,ADV,denn,1560,,
tg,tv63.0,2923,3437,NAPOLÉON,5,haben,VAFIN,haben,1560,,
tg,tv63.0,2923,3437,NAPOLÉON,5,?,$.,--,1560,,
tg,tv63.0,2923,3437,NAPOLÉON,5,Ich,PPER,ich,1560,,
tg,tv63.0,2923,3437,NAPOLÉON,5,kann,VMFIN,können,1560,,
tg,tv63.0,2923,3437,NAPOLÉON,5,doch,ADV,doch,1560,,
tg,tv63.0,2923,3437,NAPOLÉON,5,nur,ADV,nur,1560,,
tg,tv63.0,2923,3437,NAPOLÉON,5,militärische,ADJA,militärisch,1560,,
tg,tv63.0,2923,3437,NAPOLÉON,5,Gedanken,NN,gedanke,1560,,
tg,tv63.0,2923,3437,NAPOLÉON,5,haben,VAFIN,haben,1560,,
tg,tv63.0,2923,3437,NAPOLÉON,5,.,$.,--,1560,,
tg,tv63.0,2923,3437,NAPOLÉON,5,Ich,PPER,ich,1560,,
tg,tv63.0,2923,3437,NAPOLÉON,5,denke,VVFIN,denken,1560,,
tg,tv63.0,2923,3437,NAPOLÉON,5,an,APPR,an,1560,,
tg,tv63.0,2923,3437,NAPOLÉON,5,Flinten,NN,flint,1560,,
tg,tv63.0,2923,3437,NAPOLÉON,5,und,KON,und,1560,,
tg,tv63.0,2923,3437,NAPOLÉON,5,Kanonen,NN,kanone,1560,,
tg,tv63.0,2923,3437,NAPOLÉON,5,",","$,",--,1560,,
tg,tv63.0,2923,3437,NAPOLÉON,5,an,APPR,an,1560,,
tg,tv63.0,2923,3437,NAPOLÉON,5,Säbel,NN,säbel,1560,,
tg,tv63.0,2923,3437,NAPOLÉON,5,und,KON,und,1560,,
tg,tv63.0,2923,3437,NAPOLÉON,5,Bajonnettes,NN,bajonnett,1560,,
tg,tv63.0,2923,3437,NAPOLÉON,5,",","$,",--,1560,,
tg,tv63.0,2923,3437,NAPOLÉON,5,an,APPR,an,1560,,
tg,tv63.0,2923,3437,NAPOLÉON,5,blanke,ADJA,blank,1560,,
tg,tv63.0,2923,3437,NAPOLÉON,5,Stulp-Stiebel,NN,stulp-stiebel,1560,,
tg,tv63.0,2923,3437,NAPOLÉON,5,und,KON,und,1560,,
tg,tv63.0,2923,3437,NAPOLÉON,5,klirrende,ADJA,klirrend,1560,,
tg,tv63.0,2923,3437,NAPOLÉON,5,Sporen,NN,spor,1560,,
tg,tv63.0,2923,3437,NAPOLÉON,5,",","$,",--,1560,,
tg,tv63.0,2923,3437,NAPOLÉON,5,an,APPR,an,1560,,
tg,tv63.0,2923,3437,NAPOLÉON,5,blanke,ADJA,blank,1560,,
tg,tv63.0,2923,3437,NAPOLÉON,5,Knöpfe,NN,knopf,1560,,
tg,tv63.0,2923,3437,NAPOLÉON,5,und,KON,und,1560,,
tg,tv63.0,2923,3437,NAPOLÉON,5,blanke,ADJA,blank,1560,,
tg,tv63.0,2923,3437,NAPOLÉON,5,Helme,NN,helm,1560,,
tg,tv63.0,2923,3437,NAPOLÉON,5,",","$,",--,1560,,
tg,tv63.0,2923,3437,NAPOLÉON,5,an,APPR,an,1560,,
tg,tv63.0,2923,3437,NAPOLÉON,5,Epaulettes,NN,epaulett,1560,,
tg,tv63.0,2923,3437,NAPOLÉON,5,und,KON,und,1560,,
tg,tv63.0,2923,3437,NAPOLÉON,5,Orden,NN,orden,1560,,
tg,tv63.0,2923,3437,NAPOLÉON,5,",","$,",--,1560,,
tg,tv63.0,2923,3437,NAPOLÉON,5,an,APPR,an,1560,,
tg,tv63.0,2923,3437,NAPOLÉON,5,Granaten,NN,granate,1560,,
tg,tv63.0,2923,3437,NAPOLÉON,5,und,KON,und,1560,,
tg,tv63.0,2923,3437,NAPOLÉON,5,Raketen,NN,rakete,1560,,
tg,tv63.0,2923,3437,NAPOLÉON,5,",","$,",--,1560,,
tg,tv63.0,2923,3437,NAPOLÉON,5,an,APPR,an,1560,,
tg,tv63.0,2923,3437,NAPOLÉON,5,Trommeln,NN,trommel,1560,,
tg,tv63.0,2923,3437,NAPOLÉON,5,",","$,",--,1560,,
tg,tv63.0,2923,3437,NAPOLÉON,5,Pfeifen,NN,pfeifen,1560,,
tg,tv63.0,2923,3437,NAPOLÉON,5,",","$,",--,1560,,
tg,tv63.0,2923,3437,NAPOLÉON,5,Pauken,NN,pauke,1560,,
tg,tv63.0,2923,3437,NAPOLÉON,5,und,KON,und,1560,,
tg,tv63.0,2923,3437,NAPOLÉON,5,Trompeten,NN,trompete,1560,,
tg,tv63.0,2923,3437,NAPOLÉON,5,",","$,",--,1560,,
tg,tv63.0,2923,3437,NAPOLÉON,5,an,APPR,an,1560,,
tg,tv63.0,2923,3437,NAPOLÉON,5,Pulver,NN,pulver,1560,,
tg,tv63.0,2923,3437,NAPOLÉON,5,und,KON,und,1560,,
tg,tv63.0,2923,3437,NAPOLÉON,5,Blei,NN,blei,1560,,
tg,tv63.0,2923,3437,NAPOLÉON,5,",","$,",--,1560,,
tg,tv63.0,2923,3437,NAPOLÉON,5,Dynamit,NN,dynamit,1560,,
tg,tv63.0,2923,3437,NAPOLÉON,5,und,KON,und,1560,,
tg,tv63.0,2923,3437,NAPOLÉON,5,Panzerschiffe,NN,panzerschiff,1560,,
tg,tv63.0,2923,3437,NAPOLÉON,5,",","$,",--,1560,,
tg,tv63.0,2923,3437,NAPOLÉON,5,Hurrahgebrüll,NN,hurrahgebrüll,1560,,
tg,tv63.0,2923,3437,NAPOLÉON,5,und,KON,und,1560,,
tg,tv63.0,2923,3437,NAPOLÉON,5,Torpedos,NE,torpedo,1560,,
tg,tv63.0,2923,3437,NAPOLÉON,5,–,XY,–,1560,,
tg,tv63.0,2923,3437,NAPOLÉON,5,na,ITJ,na,1560,,
tg,tv63.0,2923,3437,NAPOLÉON,5,?,$.,--,1560,,
tg,tv63.0,2923,3437,NAPOLÉON,5,–,XY,–,1560,,
tg,tv63.0,2923,3437,NAPOLÉON,5,was,PWS,was,1560,,
tg,tv63.0,2923,3437,NAPOLÉON,5,noch,ADV,noch,1560,,
tg,tv63.0,2923,3437,NAPOLÉON,5,?,$.,--,1560,,
tg,tv63.0,2923,3437,NAPOLÉON,5,–,XY,–,1560,,
tg,tv63.0,2923,3437,NAPOLÉON,5,zum,APPRART,zu,1560,,
tg,tv63.0,2923,3437,NAPOLÉON,5,Teufel,NN,teufel,1560,,
tg,tv63.0,2923,3437,NAPOLÉON,5,"!",$.,--,1560,,
tg,tv63.0,2923,3437,NAPOLÉON,5,Ich,PPER,ich,1560,,
tg,tv63.0,2923,3437,NAPOLÉON,5,denk,VVFIN,denk,1560,,
tg,tv63.0,2923,3437,NAPOLÉON,5,ans,APPRART,an,1560,,
tg,tv63.0,2923,3437,NAPOLÉON,5,Militär,NN,militär,1560,,
tg,tv63.0,2923,3437,NAPOLÉON,5,"!",$.,--,1560,,
tg,tv63.0,3442,3480,ZIBÓLKO,3,Und,KON,und,1560,,
tg,tv63.0,3442,3480,ZIBÓLKO,3,das,PDS,der,1560,,
tg,tv63.0,3442,3480,ZIBÓLKO,3,nennen,VVFIN,nennen,1560,,
tg,tv63.0,3442,3480,ZIBÓLKO,3,Sie,PPER,sie,1560,,
tg,tv63.0,3442,3480,ZIBÓLKO,3,Gedanken,NN,gedanke,1560,,
tg,tv63.0,3442,3480,ZIBÓLKO,3,?,$.,--,1560,,
tg,tv63.0,3485,3946,NAPOLÉON,5,Das,PDS,der,1560,,
tg,tv63.0,3485,3946,NAPOLÉON,5,nenne,VVFIN,nennen,1560,,
tg,tv63.0,3485,3946,NAPOLÉON,5,ich,PPER,ich,1560,NAPOLÉON,5
tg,tv63.0,3485,3946,NAPOLÉON,5,allerdings,ADV,allerdings,1560,,
tg,tv63.0,3485,3946,NAPOLÉON,5,»,XY,»,1560,,
tg,tv63.0,3485,3946,NAPOLÉON,5,Gedanken,NN,gedanke,1560,,
tg,tv63.0,3485,3946,NAPOLÉON,5,«,PTKVZ,«,1560,,
tg,tv63.0,3485,3946,NAPOLÉON,5,.,$.,--,1560,,
tg,tv63.0,3485,3946,NAPOLÉON,5,Jeder,PIDAT,jeder,1560,,
tg,tv63.0,3485,3946,NAPOLÉON,5,vernünftige,ADJA,vernünftig,1560,,
tg,tv63.0,3485,3946,NAPOLÉON,5,Mensch,NN,mensch,1560,,
tg,tv63.0,3485,3946,NAPOLÉON,5,nennt,VVFIN,nennen,1560,,
tg,tv63.0,3485,3946,NAPOLÉON,5,das,ART,der,1560,,
tg,tv63.0,3485,3946,NAPOLÉON,5,»,NN,»,1560,,
tg,tv63.0,3485,3946,NAPOLÉON,5,Gedanken,NN,gedanke,1560,,
tg,tv63.0,3485,3946,NAPOLÉON,5,«,PTKVZ,«,1560,,
tg,tv63.0,3485,3946,NAPOLÉON,5,.,$.,--,1560,,
tg,tv63.0,3485,3946,NAPOLÉON,5,Und,KON,und,1560,,
tg,tv63.0,3485,3946,NAPOLÉON,5,Sie,PPER,sie,1560,,
tg,tv63.0,3485,3946,NAPOLÉON,5,werden,VAFIN,werden,1560,,
tg,tv63.0,3485,3946,NAPOLÉON,5,mir,PPER,sich,1560,NAPOLÉON,5
tg,tv63.0,3485,3946,NAPOLÉON,5,jedenfalls,ADV,jedenfalls,1560,,
tg,tv63.0,3485,3946,NAPOLÉON,5,zugeben,VVINF,zugeben,1560,,
tg,tv63.0,3485,3946,NAPOLÉON,5,",","$,",--,1560,,
tg,tv63.0,3485,3946,NAPOLÉON,5,dass,KOUS,dass,1560,,
tg,tv63.0,3485,3946,NAPOLÉON,5,die,ART,der,1560,,
tg,tv63.0,3485,3946,NAPOLÉON,5,Menschen,NN,mensch,1560,,
tg,tv63.0,3485,3946,NAPOLÉON,5,des,ART,der,1560,,
tg,tv63.0,3485,3946,NAPOLÉON,5,zwanzigsten,ADJA,zwanzigster,1560,,
tg,tv63.0,3485,3946,NAPOLÉON,5,Jahrhunderts,NN,jahrhundert,1560,,
tg,tv63.0,3485,3946,NAPOLÉON,5,diese,PDAT,dieser,1560,,
tg,tv63.0,3485,3946,NAPOLÉON,5,Gedanken,NN,gedanke,1560,,
tg,tv63.0,3485,3946,NAPOLÉON,5,ebenso,ADV,ebenso,1560,,
tg,tv63.0,3485,3946,NAPOLÉON,5,gut,ADJD,gut,1560,,
tg,tv63.0,3485,3946,NAPOLÉON,5,kapiert,VVPP,kapieren,1560,,
tg,tv63.0,3485,3946,NAPOLÉON,5,haben,VAFIN,haben,1560,,
tg,tv63.0,3485,3946,NAPOLÉON,5,–,PPER,–,1560,,
tg,tv63.0,3485,3946,NAPOLÉON,5,wie,KOKOM,wie,1560,,
tg,tv63.0,3485,3946,NAPOLÉON,5,die,PDS,der,1560,,
tg,tv63.0,3485,3946,NAPOLÉON,5,des,ART,der,1560,,
tg,tv63.0,3485,3946,NAPOLÉON,5,neunzehnten,ADJA,neunzehnt,1560,,
tg,tv63.0,3485,3946,NAPOLÉON,5,Jahrhunderts,NN,jahrhundert,1560,,
tg,tv63.0,3485,3946,NAPOLÉON,5,.,$.,--,1560,,
tg,tv63.0,3485,3946,NAPOLÉON,5,Mir,PPER,sich,1560,,
tg,tv63.0,3485,3946,NAPOLÉON,5,ist,VAFIN,sein,1560,,
tg,tv63.0,3485,3946,NAPOLÉON,5,es,PPER,es,1560,,
tg,tv63.0,3485,3946,NAPOLÉON,5,eben,ADV,eben,1560,,
tg,tv63.0,3485,3946,NAPOLÉON,5,gelungen,VVPP,gelingen,1560,,
tg,tv63.0,3485,3946,NAPOLÉON,5,",","$,",--,1560,,
tg,tv63.0,3485,3946,NAPOLÉON,5,diesen,PDAT,dieser,1560,,
tg,tv63.0,3485,3946,NAPOLÉON,5,Menschen,NN,mensch,1560,,
tg,tv63.0,3485,3946,NAPOLÉON,5,diese,PDAT,dieser,1560,,
tg,tv63.0,3485,3946,NAPOLÉON,5,Gedanken,NN,gedanke,1560,,
tg,tv63.0,3485,3946,NAPOLÉON,5,aufzusuggerieren,VVFIN,aufzusgerieren,1560,,
tg,tv63.0,3485,3946,NAPOLÉON,5,–,XY,–,1560,,
tg,tv63.0,3485,3946,NAPOLÉON,5,einzutrichtern,VVIZU,einzuichtern,1560,,
tg,tv63.0,3485,3946,NAPOLÉON,5,–,VVIMP,–,1560,,
tg,tv63.0,3485,3946,NAPOLÉON,5,Sie,PPER,sie,1560,,
tg,tv63.0,3485,3946,NAPOLÉON,5,verstehen,VVFIN,verstehen,1560,,
tg,tv63.0,3485,3946,NAPOLÉON,5,wohl,ADV,wohl,1560,,
tg,tv63.0,3485,3946,NAPOLÉON,5,.,$.,--,1560,,
tg,tv63.0,3485,3946,NAPOLÉON,5,Ich,PPER,ich,1560,,
tg,tv63.0,3485,3946,NAPOLÉON,5,regiere,VVFIN,regieren,1560,,
tg,tv63.0,3485,3946,NAPOLÉON,5,eben,ADV,eben,1560,,
tg,tv63.0,3485,3946,NAPOLÉON,5,das,ART,der,1560,,
tg,tv63.0,3485,3946,NAPOLÉON,5,zwanzigste,ADJA,zwanzigster,1560,,
tg,tv63.0,3485,3946,NAPOLÉON,5,Jahrhundert,NN,jahrhundert,1560,,
tg,tv63.0,3485,3946,NAPOLÉON,5,auch,ADV,auch,1560,,
tg,tv63.0,3485,3946,NAPOLÉON,5,.,$.,--,1560,,
tg,tv63.0,3485,3946,NAPOLÉON,5,Wollen,VMFIN,wollen,1560,,
tg,tv63.0,3485,3946,NAPOLÉON,5,Sie,PPER,sie,1560,,
tg,tv63.0,3485,3946,NAPOLÉON,5,das,ART,der,1560,,
tg,tv63.0,3485,3946,NAPOLÉON,5,vielleicht,ADV,vielleicht,1560,,
tg,tv63.0,3485,3946,NAPOLÉON,5,bezweifeln,VVFIN,bezweifeln,1560,,
tg,tv63.0,3485,3946,NAPOLÉON,5,?,$.,--,1560,,
tg,tv63.0,3951,4117,ZIBÓLKO,3,Nein,PTKANT,nein,1560,,
tg,tv63.0,3951,4117,ZIBÓLKO,3,–,XY,–,1560,,
tg,tv63.0,3951,4117,ZIBÓLKO,3,das,PDS,der,1560,,
tg,tv63.0,3951,4117,ZIBÓLKO,3,kann,VMFIN,können,1560,,
tg,tv63.0,3951,4117,ZIBÓLKO,3,ich,PPER,ich,1560,ZIBÓLKO,3
tg,tv63.0,3951,4117,ZIBÓLKO,3,nicht,PTKNEG,nicht,1560,,
tg,tv63.0,3951,4117,ZIBÓLKO,3,bezweifeln,VVFIN,bezweifeln,1560,,
tg,tv63.0,3951,4117,ZIBÓLKO,3,.,$.,--,1560,,
tg,tv63.0,3951,4117,ZIBÓLKO,3,Sie,PPER,sie,1560,,
tg,tv63.0,3951,4117,ZIBÓLKO,3,haben,VAFIN,haben,1560,,
tg,tv63.0,3951,4117,ZIBÓLKO,3,ja,ADV,ja,1560,,
tg,tv63.0,3951,4117,ZIBÓLKO,3,so,ADV,so,1560,,
tg,tv63.0,3951,4117,ZIBÓLKO,3,Recht,NN,recht,1560,,
tg,tv63.0,3951,4117,ZIBÓLKO,3,"!",$.,--,1560,,
tg,tv63.0,3951,4117,ZIBÓLKO,3,Ich,PPER,ich,1560,,
tg,tv63.0,3951,4117,ZIBÓLKO,3,bewundere,VVFIN,bewundern,1560,,
tg,tv63.0,3951,4117,ZIBÓLKO,3,Sie,PPER,sie,1560,,
tg,tv63.0,3951,4117,ZIBÓLKO,3,"!",$.,--,1560,,
tg,tv63.0,3951,4117,ZIBÓLKO,3,Wahrhaftig,ADJD,wahrhaftig,1560,,
tg,tv63.0,3951,4117,ZIBÓLKO,3,"!",$.,--,1560,,
tg,tv63.0,3951,4117,ZIBÓLKO,3,Hand,NN,hand,1560,,
tg,tv63.0,3951,4117,ZIBÓLKO,3,aufs,APPRART,auf,1560,,
tg,tv63.0,3951,4117,ZIBÓLKO,3,Herz,NN,herz,1560,,
tg,tv63.0,3951,4117,ZIBÓLKO,3,"!",$.,--,1560,,
tg,tv63.0,3951,4117,ZIBÓLKO,3,Doch,KON,doch,1560,,
tg,tv63.0,3951,4117,ZIBÓLKO,3,",","$,",--,1560,,
tg,tv63.0,3951,4117,ZIBÓLKO,3,Herr,NN,herr,1560,,
tg,tv63.0,3951,4117,ZIBÓLKO,3,Napoléon,NE,napoléon,1560,,
tg,tv63.0,3951,4117,ZIBÓLKO,3,",","$,",--,1560,,
tg,tv63.0,3951,4117,ZIBÓLKO,3,wissen,VVFIN,wissen,1560,,
tg,tv63.0,3951,4117,ZIBÓLKO,3,Sie,PPER,sie,1560,,
tg,tv63.0,3951,4117,ZIBÓLKO,3,",","$,",--,1560,,
tg,tv63.0,3951,4117,ZIBÓLKO,3,was,PWS,was,1560,,
tg,tv63.0,3951,4117,ZIBÓLKO,3,ich,PPER,ich,1560,ZIBÓLKO,3
tg,tv63.0,3951,4117,ZIBÓLKO,3,möchte,VMFIN,möchten,1560,,
tg,tv63.0,3951,4117,ZIBÓLKO,3,?,$.,--,1560,,
tg,tv63.0,4122,4194,NAPOLÉON,5,Na,ITJ,na,1560,,
tg,tv63.0,4122,4194,NAPOLÉON,5,",","$,",--,1560,,
tg,tv63.0,4122,4194,NAPOLÉON,5,mein,PPOSAT,mein,1560,NAPOLÉON,5
tg,tv63.0,4122,4194,NAPOLÉON,5,lieber,ADJD,lieber,1560,,
tg,tv63.0,4122,4194,NAPOLÉON,5,Zibólko,NN,zibólko,1560,,
tg,tv63.0,4122,4194,NAPOLÉON,5,",","$,",--,1560,,
tg,tv63.0,4122,4194,NAPOLÉON,5,was,PWS,was,1560,,
tg,tv63.0,4122,4194,NAPOLÉON,5,möchten,VMFIN,möchten,1560,,
tg,tv63.0,4122,4194,NAPOLÉON,5,Sie,PPER,sie,1560,,
tg,tv63.0,4122,4194,NAPOLÉON,5,denn,ADV,denn,1560,,
tg,tv63.0,4122,4194,NAPOLÉON,5,?,$.,--,1560,,
tg,tv63.0,4199,4255,ZIBÓLKO,3,Das,ART,der,1560,,
tg,tv63.0,4199,4255,ZIBÓLKO,3,zwanzigste,ADJA,zwanzigster,1560,,
tg,tv63.0,4199,4255,ZIBÓLKO,3,Jahrhundert,NN,jahrhundert,1560,,
tg,tv63.0,4199,4255,ZIBÓLKO,3,möcht,VVFIN,möchen,1560,,
tg,tv63.0,4199,4255,ZIBÓLKO,3,ich,PPER,ich,1560,ZIBÓLKO,3
tg,tv63.0,4199,4255,ZIBÓLKO,3,regieren,VVFIN,regieren,1560,,
tg,tv63.0,4199,4255,ZIBÓLKO,3,.,$.,--,1560,,
tg,tv63.0,4260,4331,NAPOLÉON,5,Sie,PPER,sie,1560,,
tg,tv63.0,4260,4331,NAPOLÉON,5,leiden,VVFIN,leiden,1560,,
tg,tv63.0,4260,4331,NAPOLÉON,5,wohl,ADV,wohl,1560,,
tg,tv63.0,4260,4331,NAPOLÉON,5,–,XY,–,1560,,
tg,tv63.0,4260,4331,NAPOLÉON,5,wie,KOKOM,wie,1560,,
tg,tv63.0,4260,4331,NAPOLÉON,5,die,ART,der,1560,,
tg,tv63.0,4260,4331,NAPOLÉON,5,meisten,PIDAT,meister,1560,,
tg,tv63.0,4260,4331,NAPOLÉON,5,Künstler,NN,künstler,1560,,
tg,tv63.0,4260,4331,NAPOLÉON,5,–,XY,–,1560,,
tg,tv63.0,4260,4331,NAPOLÉON,5,an,APPR,an,1560,,
tg,tv63.0,4260,4331,NAPOLÉON,5,Grössenwahn,NN,grössenwahn,1560,,
tg,tv63.0,4260,4331,NAPOLÉON,5,.,$.,--,1560,,
tg,tv63.0,4336,4472,ZIBÓLKO,3,Herr,NN,herr,1560,,
tg,tv63.0,4336,4472,ZIBÓLKO,3,–,XY,–,1560,,
tg,tv63.0,4336,4472,ZIBÓLKO,3,wenn,KOUS,wenn,1560,,
tg,tv63.0,4336,4472,ZIBÓLKO,3,Sie,PPER,sie,1560,,
tg,tv63.0,4336,4472,ZIBÓLKO,3,so,ADV,so,1560,,
tg,tv63.0,4336,4472,ZIBÓLKO,3,anfangen,VVFIN,anfangen,1560,,
tg,tv63.0,4336,4472,ZIBÓLKO,3,–,PPER,–,1560,,
tg,tv63.0,4336,4472,ZIBÓLKO,3,dann,ADV,dann,1560,,
tg,tv63.0,4336,4472,ZIBÓLKO,3,will,VMFIN,wollen,1560,,
tg,tv63.0,4336,4472,ZIBÓLKO,3,ich,PPER,ich,1560,ZIBÓLKO,3
tg,tv63.0,4336,4472,ZIBÓLKO,3,Ihnen,PPER,ihnen,1560,,
tg,tv63.0,4336,4472,ZIBÓLKO,3,bald,ADV,bald,1560,,
tg,tv63.0,4336,4472,ZIBÓLKO,3,zeigen,VVFIN,zeigen,1560,,
tg,tv63.0,4336,4472,ZIBÓLKO,3,–,PPER,–,1560,,
tg,tv63.0,4336,4472,ZIBÓLKO,3,wem,VAFIN,wem,1560,,
tg,tv63.0,4336,4472,ZIBÓLKO,3,die,ART,der,1560,,
tg,tv63.0,4336,4472,ZIBÓLKO,3,Trittleiter,NN,trittleiter,1560,,
tg,tv63.0,4336,4472,ZIBÓLKO,3,gehört,VVFIN,gehören,1560,,
tg,tv63.0,4336,4472,ZIBÓLKO,3,.,$.,--,1560,,
tg,tv63.0,4336,4472,ZIBÓLKO,3,Die,ART,der,1560,,
tg,tv63.0,4336,4472,ZIBÓLKO,3,Trittleiter,NN,trittleiter,1560,,
tg,tv63.0,4336,4472,ZIBÓLKO,3,ist,VAFIN,sein,1560,,
tg,tv63.0,4336,4472,ZIBÓLKO,3,mein,PPOSAT,mein,1560,ZIBÓLKO,3
tg,tv63.0,4336,4472,ZIBÓLKO,3,Eigentum,NN,eigentum,1560,,
tg,tv63.0,4336,4472,ZIBÓLKO,3,.,$.,--,1560,,
tg,tv63.0,4477,4506,NAPOLÉON,5,Sie,PPER,sie,1560,,
tg,tv63.0,4477,4506,NAPOLÉON,5,sind,VAFIN,sein,1560,,
tg,tv63.0,4477,4506,NAPOLÉON,5,ein,ART,ein,1560,,
tg,tv63.0,4477,4506,NAPOLÉON,5,Narr,NN,narr,1560,,
tg,tv63.0,4477,4506,NAPOLÉON,5,"!",$.,--,1560,,
tg,tv63.0,4511,4707,ZIBÓLKO,3,Und,KON,und,1560,,
tg,tv63.0,4511,4707,ZIBÓLKO,3,Sie,PPER,sie,1560,,
tg,tv63.0,4511,4707,ZIBÓLKO,3,sind,VAFIN,sein,1560,,
tg,tv63.0,4511,4707,ZIBÓLKO,3,ein,ART,ein,1560,,
tg,tv63.0,4511,4707,ZIBÓLKO,3,Wallross,NN,wallross,1560,,
tg,tv63.0,4511,4707,ZIBÓLKO,3,"!",$.,--,1560,,
tg,tv63.0,4511,4707,ZIBÓLKO,3,Dringt,VVFIN,dringen,1560,,
tg,tv63.0,4511,4707,ZIBÓLKO,3,mit,APPR,mit,1560,,
tg,tv63.0,4511,4707,ZIBÓLKO,3,dem,ART,der,1560,,
tg,tv63.0,4511,4707,ZIBÓLKO,3,Pinsel,NN,pinsel,1560,,
tg,tv63.0,4511,4707,ZIBÓLKO,3,auf,APPR,auf,1560,,
tg,tv63.0,4511,4707,ZIBÓLKO,3,Napoléon,NE,napoléon,1560,,
tg,tv63.0,4511,4707,ZIBÓLKO,3,ein,ART,ein,1560,,
tg,tv63.0,4511,4707,ZIBÓLKO,3,–,NN,–,1560,,
tg,tv63.0,4511,4707,ZIBÓLKO,3,die,ART,der,1560,,
tg,tv63.0,4511,4707,ZIBÓLKO,3,Palette,NN,palette,1560,,
tg,tv63.0,4511,4707,ZIBÓLKO,3,als,APPR,als,1560,,
tg,tv63.0,4511,4707,ZIBÓLKO,3,Schild,NN,schild,1560,,
tg,tv63.0,4511,4707,ZIBÓLKO,3,benutzend,ADJD,benutzend,1560,,
tg,tv63.0,4511,4707,ZIBÓLKO,3,.,$.,--,1560,,
tg,tv63.0,4511,4707,ZIBÓLKO,3,Der,ART,der,1560,,
tg,tv63.0,4511,4707,ZIBÓLKO,3,Kaiser,NN,kaiser,1560,,
tg,tv63.0,4511,4707,ZIBÓLKO,3,zieht,VVFIN,ziehen,1560,,
tg,tv63.0,4511,4707,ZIBÓLKO,3,kaltblütig,ADJD,kaltblütig,1560,,
tg,tv63.0,4511,4707,ZIBÓLKO,3,seinen,PPOSAT,sein,1560,,
tg,tv63.0,4511,4707,ZIBÓLKO,3,Degen,NN,degen,1560,,
tg,tv63.0,4511,4707,ZIBÓLKO,3,",","$,",--,1560,,
tg,tv63.0,4511,4707,ZIBÓLKO,3,und,KON,und,1560,,
tg,tv63.0,4511,4707,ZIBÓLKO,3,Zibólko,NE,zibólko,1560,,
tg,tv63.0,4511,4707,ZIBÓLKO,3,zieht,VVFIN,ziehen,1560,,
tg,tv63.0,4511,4707,ZIBÓLKO,3,sich,PRF,sich,1560,,
tg,tv63.0,4511,4707,ZIBÓLKO,3,erschrocken,VVIZU,erschrocken,1560,,
tg,tv63.0,4511,4707,ZIBÓLKO,3,zurück,PTKVZ,zurück,1560,,
tg,tv63.0,4511,4707,ZIBÓLKO,3,.,$.,--,1560,,
tg,tv63.0,4713,4888,"Susanne, ein Modell.",2,Was,PWS,was,1560,,
tg,tv63.0,4713,4888,"Susanne, ein Modell.",2,ist,VAFIN,sein,1560,,
tg,tv63.0,4713,4888,"Susanne, ein Modell.",2,denn,ADV,denn,1560,,
tg,tv63.0,4713,4888,"Susanne, ein Modell.",2,hier,ADV,hier,1560,,
tg,tv63.0,4713,4888,"Susanne, ein Modell.",2,los,PTKVZ,los,1560,,
tg,tv63.0,4713,4888,"Susanne, ein Modell.",2,?,$.,--,1560,,
tg,tv63.0,4713,4888,"Susanne, ein Modell.",2,Ein,ART,ein,1560,,
tg,tv63.0,4713,4888,"Susanne, ein Modell.",2,Duell,NN,duell,1560,,
tg,tv63.0,4713,4888,"Susanne, ein Modell.",2,?,$.,--,1560,,
tg,tv63.0,4893,4946,ZIBÓLKO,3,Ein,ART,ein,1560,,
tg,tv63.0,4893,4946,ZIBÓLKO,3,Duell,NN,duell,1560,,
tg,tv63.0,4893,4946,ZIBÓLKO,3,mit,APPR,mit,1560,,
tg,tv63.0,4893,4946,ZIBÓLKO,3,ungleichen,ADJA,ungleich,1560,,
tg,tv63.0,4893,4946,ZIBÓLKO,3,Waffen,NN,waffe,1560,,
tg,tv63.0,4893,4946,ZIBÓLKO,3,.,$.,--,1560,,
tg,tv63.0,4952,5012,"Susanne, ein Modell.",2,Träum,NE,träum,1560,,
tg,tv63.0,4952,5012,"Susanne, ein Modell.",2,ich,PPER,ich,1560,"Susanne, ein Modell.",2
tg,tv63.0,4952,5012,"Susanne, ein Modell.",2,denn,ADV,denn,1560,,
tg,tv63.0,4952,5012,"Susanne, ein Modell.",2,noch,ADV,noch,1560,,
tg,tv63.0,4952,5012,"Susanne, ein Modell.",2,?,$.,--,1560,,
tg,tv63.0,4952,5012,"Susanne, ein Modell.",2,Das,PDS,der,1560,,
tg,tv63.0,4952,5012,"Susanne, ein Modell.",2,ist,VAFIN,sein,1560,,
tg,tv63.0,4952,5012,"Susanne, ein Modell.",2,ja,ADV,ja,1560,,
tg,tv63.0,4952,5012,"Susanne, ein Modell.",2,der,ART,der,1560,,
tg,tv63.0,4952,5012,"Susanne, ein Modell.",2,olle,ADJA,oll,1560,,
tg,tv63.0,4952,5012,"Susanne, ein Modell.",2,Napolium,NN,napolium,1560,,
tg,tv63.0,4952,5012,"Susanne, ein Modell.",2,"!",$.,--,1560,,
tg,tv63.0,5017,5064,ZIBÓLKO,3,Napolium,ADV,napolium,1560,,
tg,tv63.0,5017,5064,ZIBÓLKO,3,"!",$.,--,1560,,
tg,tv63.0,5017,5064,ZIBÓLKO,3,Stimmt,VVFIN,stimmen,1560,,
tg,tv63.0,5017,5064,ZIBÓLKO,3,"!",$.,--,1560,,
tg,tv63.0,5070,5117,"Susanne, ein Modell.",2,Und,KON,und,1560,,
tg,tv63.0,5070,5117,"Susanne, ein Modell.",2,was,PWS,was,1560,,
tg,tv63.0,5070,5117,"Susanne, ein Modell.",2,will,VMFIN,wollen,1560,,
tg,tv63.0,5070,5117,"Susanne, ein Modell.",2,der,ART,der,1560,,
tg,tv63.0,5070,5117,"Susanne, ein Modell.",2,auf,APPR,auf,1560,,
tg,tv63.0,5070,5117,"Susanne, ein Modell.",2,der,ART,der,1560,,
tg,tv63.0,5070,5117,"Susanne, ein Modell.",2,Trittleiter,NN,trittleiter,1560,,
tg,tv63.0,5070,5117,"Susanne, ein Modell.",2,?,$.,--,1560,,
tg,tv63.0,5122,5201,ZIBÓLKO,3,Regierte,ADJA,regierter,1560,,
tg,tv63.0,5122,5201,ZIBÓLKO,3,mal,ADV,mal,1560,,
tg,tv63.0,5122,5201,ZIBÓLKO,3,das,ART,der,1560,,
tg,tv63.0,5122,5201,ZIBÓLKO,3,neunzehnte,ADJA,neunzehnter,1560,,
tg,tv63.0,5122,5201,ZIBÓLKO,3,Jahrhundert,NN,jahrhundert,1560,,
tg,tv63.0,5122,5201,ZIBÓLKO,3,.,$.,--,1560,,
tg,tv63.0,5207,5262,"Susanne, ein Modell.",2,Und,KON,und,1560,,
tg,tv63.0,5207,5262,"Susanne, ein Modell.",2,Zibólko,NE,zibólko,1560,,
tg,tv63.0,5207,5262,"Susanne, ein Modell.",2,–,XY,–,1560,,
tg,tv63.0,5207,5262,"Susanne, ein Modell.",2,Du,PPER,du,1560,,
tg,tv63.0,5207,5262,"Susanne, ein Modell.",2,?,$.,--,1560,,
tg,tv63.0,5207,5262,"Susanne, ein Modell.",2,Was,PWS,was,1560,,
tg,tv63.0,5207,5262,"Susanne, ein Modell.",2,gedenkst,VVFIN,gedenken,1560,,
tg,tv63.0,5207,5262,"Susanne, ein Modell.",2,Du,PPER,du,1560,,
tg,tv63.0,5207,5262,"Susanne, ein Modell.",2,nun,ADV,nun,1560,,
tg,tv63.0,5207,5262,"Susanne, ein Modell.",2,zu,PTKZU,zu,1560,,
tg,tv63.0,5207,5262,"Susanne, ein Modell.",2,tun,VVINF,tun,1560,,
tg,tv63.0,5207,5262,"Susanne, ein Modell.",2,?,$.,--,1560,,
tg,tv63.0,5267,5322,ZIBÓLKO,3,Ich,PPER,ich,1560,,
tg,tv63.0,5267,5322,ZIBÓLKO,3,will,VMFIN,wollen,1560,,
tg,tv63.0,5267,5322,ZIBÓLKO,3,das,ART,der,1560,,
tg,tv63.0,5267,5322,ZIBÓLKO,3,zwanzigste,ADJA,zwanzigster,1560,,
tg,tv63.0,5267,5322,ZIBÓLKO,3,Jahrhundert,NN,jahrhundert,1560,,
tg,tv63.0,5267,5322,ZIBÓLKO,3,regieren,VVINF,regieren,1560,,
tg,tv63.0,5267,5322,ZIBÓLKO,3,.,$.,--,1560,,
tg,tv63.0,5327,5486,"Susanne, ein Modell.",2,Wir,PPER,wir,1560,,
tg,tv63.0,5327,5486,"Susanne, ein Modell.",2,wollten,VMFIN,wollen,1560,,
tg,tv63.0,5327,5486,"Susanne, ein Modell.",2,hier,ADV,hier,1560,,
tg,tv63.0,5327,5486,"Susanne, ein Modell.",2,doch,ADV,doch,1560,,
tg,tv63.0,5327,5486,"Susanne, ein Modell.",2,rein,ADV,rein,1560,,
tg,tv63.0,5327,5486,"Susanne, ein Modell.",2,machen,VVINF,machen,1560,,
tg,tv63.0,5327,5486,"Susanne, ein Modell.",2,–,VAFIN,–,1560,,
tg,tv63.0,5327,5486,"Susanne, ein Modell.",2,die,ART,der,1560,,
tg,tv63.0,5327,5486,"Susanne, ein Modell.",2,Wände,NN,wand,1560,,
tg,tv63.0,5327,5486,"Susanne, ein Modell.",2,abfegen,VVFIN,abfegen,1560,,
tg,tv63.0,5327,5486,"Susanne, ein Modell.",2,–,NN,–,1560,,
tg,tv63.0,5327,5486,"Susanne, ein Modell.",2,und,KON,und,1560,,
tg,tv63.0,5327,5486,"Susanne, ein Modell.",2,Du,PPER,du,1560,,
tg,tv63.0,5327,5486,"Susanne, ein Modell.",2,–,VAFIN,–,1560,,
tg,tv63.0,5327,5486,"Susanne, ein Modell.",2,Du,PPER,du,1560,,
tg,tv63.0,5327,5486,"Susanne, ein Modell.",2,willst,VMFIN,wollen,1560,,
tg,tv63.0,5327,5486,"Susanne, ein Modell.",2,jetzt,ADV,jetzt,1560,,
tg,tv63.0,5327,5486,"Susanne, ein Modell.",2,wieder,ADV,wieder,1560,,
tg,tv63.0,5327,5486,"Susanne, ein Modell.",2,das,ART,der,1560,,
tg,tv63.0,5327,5486,"Susanne, ein Modell.",2,zwanzigste,ADJA,zwanzigster,1560,,
tg,tv63.0,5327,5486,"Susanne, ein Modell.",2,Jahrhundert,NN,jahrhundert,1560,,
tg,tv63.0,5327,5486,"Susanne, ein Modell.",2,regieren,VVINF,regieren,1560,,
tg,tv63.0,5327,5486,"Susanne, ein Modell.",2,?,$.,--,1560,,
tg,tv63.0,5491,5530,ZIBÓLKO,3,Kind,NN,kind,1560,,
tg,tv63.0,5491,5530,ZIBÓLKO,3,",","$,",--,1560,,
tg,tv63.0,5491,5530,ZIBÓLKO,3,was,PWS,was,1560,,
tg,tv63.0,5491,5530,ZIBÓLKO,3,verstehst,VVFIN,verstehen,1560,,
tg,tv63.0,5491,5530,ZIBÓLKO,3,Du,PPER,du,1560,,
tg,tv63.0,5491,5530,ZIBÓLKO,3,davon,PROAV,davon,1560,,
tg,tv63.0,5491,5530,ZIBÓLKO,3,?,$.,--,1560,,
tg,tv63.0,5535,5649,"Susanne, ein Modell.",2,Ach,ITJ,ach,1560,,
tg,tv63.0,5535,5649,"Susanne, ein Modell.",2,",","$,",--,1560,,
tg,tv63.0,5535,5649,"Susanne, ein Modell.",2,zum,APPRART,zu,1560,,
tg,tv63.0,5535,5649,"Susanne, ein Modell.",2,Spassen,NN,spasse,1560,,
tg,tv63.0,5535,5649,"Susanne, ein Modell.",2,bin,VAFIN,sein,1560,,
tg,tv63.0,5535,5649,"Susanne, ein Modell.",2,ich,PPER,ich,1560,"Susanne, ein Modell.",2
tg,tv63.0,5535,5649,"Susanne, ein Modell.",2,nicht,PTKNEG,nicht,1560,,
tg,tv63.0,5535,5649,"Susanne, ein Modell.",2,hergekommen,VVPP,hergekommen,1560,,
tg,tv63.0,5535,5649,"Susanne, ein Modell.",2,",","$,",--,1560,,
tg,tv63.0,5535,5649,"Susanne, ein Modell.",2,dazu,PROAV,dazu,1560,,
tg,tv63.0,5535,5649,"Susanne, ein Modell.",2,ist,VAFIN,sein,1560,,
tg,tv63.0,5535,5649,"Susanne, ein Modell.",2,das,ART,der,1560,,
tg,tv63.0,5535,5649,"Susanne, ein Modell.",2,Leben,NN,leben,1560,,
tg,tv63.0,5535,5649,"Susanne, ein Modell.",2,viel,ADV,viel,1560,,
tg,tv63.0,5535,5649,"Susanne, ein Modell.",2,zu,PTKA,zu,1560,,
tg,tv63.0,5535,5649,"Susanne, ein Modell.",2,ernst,ADJD,ernst,1560,,
tg,tv63.0,5535,5649,"Susanne, ein Modell.",2,.,$.,--,1560,,
tg,tv63.0,5535,5649,"Susanne, ein Modell.",2,Ich,PPER,ich,1560,,
tg,tv63.0,5535,5649,"Susanne, ein Modell.",2,hole,VVFIN,holen,1560,,
tg,tv63.0,5535,5649,"Susanne, ein Modell.",2,den,ART,der,1560,,
tg,tv63.0,5535,5649,"Susanne, ein Modell.",2,Besen,NN,besen,1560,,
tg,tv63.0,5535,5649,"Susanne, ein Modell.",2,.,$.,--,1560,,
tg,tv63.0,5655,5765,ZIBÓLKO,3,Ich,PPER,ich,1560,,
tg,tv63.0,5655,5765,ZIBÓLKO,3,bitte,VVFIN,bitte,1560,,
tg,tv63.0,5655,5765,ZIBÓLKO,3,Sie,PPER,sie,1560,,
tg,tv63.0,5655,5765,ZIBÓLKO,3,–,XY,–,1560,,
tg,tv63.0,5655,5765,ZIBÓLKO,3,gehen,VVFIN,gehen,1560,,
tg,tv63.0,5655,5765,ZIBÓLKO,3,Sie,PPER,sie,1560,,
tg,tv63.0,5655,5765,ZIBÓLKO,3,da,ADV,da,1560,,
tg,tv63.0,5655,5765,ZIBÓLKO,3,runter,ADJA,runter,1560,,
tg,tv63.0,5655,5765,ZIBÓLKO,3,und,KON,und,1560,,
tg,tv63.0,5655,5765,ZIBÓLKO,3,blamieren,VVFIN,blamieren,1560,,
tg,tv63.0,5655,5765,ZIBÓLKO,3,Sie,PPER,sie,1560,,
tg,tv63.0,5655,5765,ZIBÓLKO,3,sich,PRF,sich,1560,,
tg,tv63.0,5655,5765,ZIBÓLKO,3,nicht,PTKNEG,nicht,1560,,
tg,tv63.0,5655,5765,ZIBÓLKO,3,"!",$.,--,1560,,
tg,tv63.0,5655,5765,ZIBÓLKO,3,Was,PWS,was,1560,,
tg,tv63.0,5655,5765,ZIBÓLKO,3,soll,VMFIN,sollen,1560,,
tg,tv63.0,5655,5765,ZIBÓLKO,3,die,ART,der,1560,,
tg,tv63.0,5655,5765,ZIBÓLKO,3,Susanne,NE,susanne,1560,,
tg,tv63.0,5655,5765,ZIBÓLKO,3,davon,PROAV,davon,1560,,
tg,tv63.0,5655,5765,ZIBÓLKO,3,denken,VVINF,denken,1560,,
tg,tv63.0,5655,5765,ZIBÓLKO,3,?,$.,--,1560,,
tg,tv63.0,5770,5816,NAPOLÉON,5,Sehr,ADV,sehr,1560,,
tg,tv63.0,5770,5816,NAPOLÉON,5,hübsches,ADJA,hübsch,1560,,
tg,tv63.0,5770,5816,NAPOLÉON,5,Kind,NN,kind,1560,,
tg,tv63.0,5770,5816,NAPOLÉON,5,–,VVFIN,–,1560,,
tg,tv63.0,5770,5816,NAPOLÉON,5,diese,PDS,dieser,1560,,
tg,tv63.0,5770,5816,NAPOLÉON,5,Susanne,NE,susanne,1560,,
tg,tv63.0,5770,5816,NAPOLÉON,5,"!",$.,--,1560,,
tg,tv63.0,5821,5849,ZIBÓLKO,3,Gefällt,VVFIN,gefallen,1560,,
tg,tv63.0,5821,5849,ZIBÓLKO,3,sie,PPER,sie,1560,,
tg,tv63.0,5821,5849,ZIBÓLKO,3,Ihnen,PPER,ihnen,1560,,
tg,tv63.0,5821,5849,ZIBÓLKO,3,?,$.,--,1560,,
tg,tv63.0,5854,5956,NAPOLÉON,5,Ausserordentlich,ADJD,ausserordentlich,1560,,
tg,tv63.0,5854,5956,NAPOLÉON,5,.,$.,--,1560,,
tg,tv63.0,5962,6064,ZIBÓLKO,3,Dem,ART,der,1560,,
tg,tv63.0,5962,6064,ZIBÓLKO,3,Napolium,NN,napolium,1560,,
tg,tv63.0,5962,6064,ZIBÓLKO,3,gefällst,VVPP,gefällen,1560,,
tg,tv63.0,5962,6064,ZIBÓLKO,3,Du,PPER,du,1560,,
tg,tv63.0,5962,6064,ZIBÓLKO,3,",","$,",--,1560,,
tg,tv63.0,5962,6064,ZIBÓLKO,3,liebe,VVFIN,lieb,1560,,
tg,tv63.0,5962,6064,ZIBÓLKO,3,Susanna,NE,susanna,1560,,
tg,tv63.0,5962,6064,ZIBÓLKO,3,.,$.,--,1560,,
tg,tv63.0,5962,6064,ZIBÓLKO,3,Sieh,VVIMP,sieh,1560,,
tg,tv63.0,5962,6064,ZIBÓLKO,3,doch,ADV,doch,1560,,
tg,tv63.0,5962,6064,ZIBÓLKO,3,zu,PTKVZ,zu,1560,,
tg,tv63.0,5962,6064,ZIBÓLKO,3,",","$,",--,1560,,
tg,tv63.0,5962,6064,ZIBÓLKO,3,dass,KOUS,daß,1560,,
tg,tv63.0,5962,6064,ZIBÓLKO,3,Du,PPER,du,1560,,
tg,tv63.0,5962,6064,ZIBÓLKO,3,ihn,PPER,ihn,1560,,
tg,tv63.0,5962,6064,ZIBÓLKO,3,mit,APPR,mit,1560,,
tg,tv63.0,5962,6064,ZIBÓLKO,3,Güte,NN,güte,1560,,
tg,tv63.0,5962,6064,ZIBÓLKO,3,herunterbringst,VVPP,herunterbringst,1560,,
tg,tv63.0,5962,6064,ZIBÓLKO,3,.,$.,--,1560,,
tg,tv63.0,6069,6088,"Susanne, ein Modell.",2,Mit,APPR,mit,1560,,
tg,tv63.0,6069,6088,"Susanne, ein Modell.",2,Güte,NN,güte,1560,,
tg,tv63.0,6069,6088,"Susanne, ein Modell.",2,?,$.,--,1560,,
tg,tv63.0,6093,6139,ZIBÓLKO,3,Schaf,NE,schaf,1560,,
tg,tv63.0,6093,6139,ZIBÓLKO,3,",","$,",--,1560,,
tg,tv63.0,6093,6139,ZIBÓLKO,3,mit,APPR,mit,1560,,
tg,tv63.0,6093,6139,ZIBÓLKO,3,Gewalt,NN,gewalt,1560,,
tg,tv63.0,6093,6139,ZIBÓLKO,3,geht's,VVFIN,geht,1560,,
tg,tv63.0,6093,6139,ZIBÓLKO,3,doch,ADV,doch,1560,,
tg,tv63.0,6093,6139,ZIBÓLKO,3,nicht,PTKNEG,nicht,1560,,
tg,tv63.0,6093,6139,ZIBÓLKO,3,.,$.,--,1560,,
tg,tv63.0,6144,6211,"Susanne, ein Modell.",2,Vielleicht,ADV,vielleicht,1560,,
tg,tv63.0,6144,6211,"Susanne, ein Modell.",2,mit,APPR,mit,1560,,
tg,tv63.0,6144,6211,"Susanne, ein Modell.",2,einer,ART,ein,1560,,
tg,tv63.0,6144,6211,"Susanne, ein Modell.",2,grösseren,ADJA,grösser,1560,,
tg,tv63.0,6144,6211,"Susanne, ein Modell.",2,Macht,NN,macht,1560,,
tg,tv63.0,6144,6211,"Susanne, ein Modell.",2,.,$.,--,1560,,
tg,tv63.0,6216,6243,ZIBÓLKO,3,Mit,APPR,mit,1560,,
tg,tv63.0,6216,6243,ZIBÓLKO,3,welcher,ADJA,welcher,1560,,
tg,tv63.0,6216,6243,ZIBÓLKO,3,denn,KON,denn,1560,,
tg,tv63.0,6216,6243,ZIBÓLKO,3,?,$.,--,1560,,
tg,tv63.0,6248,6371,"Susanne, ein Modell.",2,Zibólko,NE,zibólko,1560,,
tg,tv63.0,6248,6371,"Susanne, ein Modell.",2,"!",$.,--,1560,,
tg,tv63.0,6248,6371,"Susanne, ein Modell.",2,Mit,APPR,mit,1560,,
tg,tv63.0,6248,6371,"Susanne, ein Modell.",2,Liebe,NN,liebe,1560,,
tg,tv63.0,6248,6371,"Susanne, ein Modell.",2,geht's,VVFIN,geht,1560,,
tg,tv63.0,6248,6371,"Susanne, ein Modell.",2,"!",$.,--,1560,,
tg,tv63.0,6248,6371,"Susanne, ein Modell.",2,Ich,PPER,ich,1560,,
tg,tv63.0,6248,6371,"Susanne, ein Modell.",2,sage,VVFIN,sagen,1560,,
tg,tv63.0,6248,6371,"Susanne, ein Modell.",2,Dir,NE,dir,1560,,
tg,tv63.0,6248,6371,"Susanne, ein Modell.",2,:,$.,--,1560,,
tg,tv63.0,6248,6371,"Susanne, ein Modell.",2,mit,APPR,mit,1560,,
tg,tv63.0,6248,6371,"Susanne, ein Modell.",2,Liebe,NN,liebe,1560,,
tg,tv63.0,6248,6371,"Susanne, ein Modell.",2,geht,VVFIN,gehen,1560,,
tg,tv63.0,6248,6371,"Susanne, ein Modell.",2,Alles,PIS,alle,1560,,
tg,tv63.0,6248,6371,"Susanne, ein Modell.",2,"!",$.,--,1560,,
tg,tv63.0,6248,6371,"Susanne, ein Modell.",2,Ich,PPER,ich,1560,,
tg,tv63.0,6248,6371,"Susanne, ein Modell.",2,schmacht,VVFIN,schmachen,1560,,
tg,tv63.0,6248,6371,"Susanne, ein Modell.",2,ihn,PPER,ihn,1560,,
tg,tv63.0,6248,6371,"Susanne, ein Modell.",2,an,APPR,an,1560,,
tg,tv63.0,6248,6371,"Susanne, ein Modell.",2,"!",$.,--,1560,,
tg,tv63.0,6248,6371,"Susanne, ein Modell.",2,Rührend,ADJD,rührend,1560,,
tg,tv63.0,6248,6371,"Susanne, ein Modell.",2,.,$.,--,1560,,
tg,tv63.0,6248,6371,"Susanne, ein Modell.",2,Polli,NE,polli,1560,,
tg,tv63.0,6248,6371,"Susanne, ein Modell.",2,"!",$.,--,1560,,
tg,tv63.0,6248,6371,"Susanne, ein Modell.",2,Süsser,NE,süsser,1560,,
tg,tv63.0,6248,6371,"Susanne, ein Modell.",2,Polli,NE,polli,1560,,
tg,tv63.0,6248,6371,"Susanne, ein Modell.",2,"!",$.,--,1560,,
tg,tv63.0,6376,6434,ZIBÓLKO,3,Nun,ADV,nun,1560,,
tg,tv63.0,6376,6434,ZIBÓLKO,3,denn,ADV,denn,1560,,
tg,tv63.0,6376,6434,ZIBÓLKO,3,–,XY,–,1560,,
tg,tv63.0,6376,6434,ZIBÓLKO,3,man,PIS,man,1560,,
tg,tv63.0,6376,6434,ZIBÓLKO,3,los,PTKVZ,los,1560,,
tg,tv63.0,6376,6434,ZIBÓLKO,3,"!",$.,--,1560,,
tg,tv63.0,6376,6434,ZIBÓLKO,3,Lustig,ADJD,lustig,1560,,
tg,tv63.0,6376,6434,ZIBÓLKO,3,"!",$.,--,1560,,
tg,tv63.0,6376,6434,ZIBÓLKO,3,Zeig,ADJD,zeig,1560,,
tg,tv63.0,6376,6434,ZIBÓLKO,3,",","$,",--,1560,,
tg,tv63.0,6376,6434,ZIBÓLKO,3,was,PWS,was,1560,,
tg,tv63.0,6376,6434,ZIBÓLKO,3,Du,PPER,du,1560,,
tg,tv63.0,6376,6434,ZIBÓLKO,3,kannst,VMFIN,können,1560,,
tg,tv63.0,6376,6434,ZIBÓLKO,3,"!",$.,--,1560,,
tg,tv63.0,6439,7313,"Susanne, ein Modell.",2,Oh,ITJ,oh,1560,,
tg,tv63.0,6439,7313,"Susanne, ein Modell.",2,",","$,",--,1560,,
tg,tv63.0,6439,7313,"Susanne, ein Modell.",2,mein,PPOSAT,mein,1560,"Susanne, ein Modell.",2
tg,tv63.0,6439,7313,"Susanne, ein Modell.",2,Napolium,NN,napolium,1560,,
tg,tv63.0,6439,7313,"Susanne, ein Modell.",2,",","$,",--,1560,,
tg,tv63.0,6439,7313,"Susanne, ein Modell.",2,ich,PPER,ich,1560,"Susanne, ein Modell.",2
tg,tv63.0,6439,7313,"Susanne, ein Modell.",2,bin,VAFIN,sein,1560,,
tg,tv63.0,6439,7313,"Susanne, ein Modell.",2,eine,ART,ein,1560,,
tg,tv63.0,6439,7313,"Susanne, ein Modell.",2,indianische,ADJA,indianisch,1560,,
tg,tv63.0,6439,7313,"Susanne, ein Modell.",2,Prinzessin,NN,prinzessin,1560,,
tg,tv63.0,6439,7313,"Susanne, ein Modell.",2,"!",$.,--,1560,,
tg,tv63.0,6439,7313,"Susanne, ein Modell.",2,Mein,PPOSAT,mein,1560,,
tg,tv63.0,6439,7313,"Susanne, ein Modell.",2,Herzblut,NN,herzblut,1560,,
tg,tv63.0,6439,7313,"Susanne, ein Modell.",2,schäumt,VVFIN,schäumen,1560,,
tg,tv63.0,6439,7313,"Susanne, ein Modell.",2,wie,KOKOM,wie,1560,,
tg,tv63.0,6439,7313,"Susanne, ein Modell.",2,der,ART,der,1560,,
tg,tv63.0,6439,7313,"Susanne, ein Modell.",2,Niagarafall,NN,niagarafall,1560,,
tg,tv63.0,6439,7313,"Susanne, ein Modell.",2,.,$.,--,1560,,
tg,tv63.0,6439,7313,"Susanne, ein Modell.",2,Fall,NN,fall,1560,,
tg,tv63.0,6439,7313,"Susanne, ein Modell.",2,nicht,PTKNEG,nicht,1560,,
tg,tv63.0,6439,7313,"Susanne, ein Modell.",2,um,PTKVZ,um,1560,,
tg,tv63.0,6439,7313,"Susanne, ein Modell.",2,",","$,",--,1560,,
tg,tv63.0,6439,7313,"Susanne, ein Modell.",2,Napolium,NN,napolium,1560,,
tg,tv63.0,6439,7313,"Susanne, ein Modell.",2,"!",$.,--,1560,,
tg,tv63.0,6439,7313,"Susanne, ein Modell.",2,Ich,PPER,ich,1560,,
tg,tv63.0,6439,7313,"Susanne, ein Modell.",2,liebe,VVFIN,lieben,1560,,
tg,tv63.0,6439,7313,"Susanne, ein Modell.",2,Dich,PRF,dich,1560,,
tg,tv63.0,6439,7313,"Susanne, ein Modell.",2,"!",$.,--,1560,,
tg,tv63.0,6439,7313,"Susanne, ein Modell.",2,–,XY,–,1560,,
tg,tv63.0,6439,7313,"Susanne, ein Modell.",2,denn,KON,denn,1560,,
tg,tv63.0,6439,7313,"Susanne, ein Modell.",2,Du,PPER,du,1560,,
tg,tv63.0,6439,7313,"Susanne, ein Modell.",2,bist,VAFIN,sein,1560,,
tg,tv63.0,6439,7313,"Susanne, ein Modell.",2,gross,ADJD,gross,1560,,
tg,tv63.0,6439,7313,"Susanne, ein Modell.",2,.,$.,--,1560,,
tg,tv63.0,6439,7313,"Susanne, ein Modell.",2,Und,KON,und,1560,,
tg,tv63.0,6439,7313,"Susanne, ein Modell.",2,ich,PPER,ich,1560,"Susanne, ein Modell.",2
tg,tv63.0,6439,7313,"Susanne, ein Modell.",2,liebe,VVFIN,lieben,1560,,
tg,tv63.0,6439,7313,"Susanne, ein Modell.",2,alle,PIDAT,aller,1560,,
tg,tv63.0,6439,7313,"Susanne, ein Modell.",2,grossen,ADJA,groß,1560,,
tg,tv63.0,6439,7313,"Susanne, ein Modell.",2,Männer,NN,mann,1560,,
tg,tv63.0,6439,7313,"Susanne, ein Modell.",2,.,$.,--,1560,,
tg,tv63.0,6439,7313,"Susanne, ein Modell.",2,Das,PDS,der,1560,,
tg,tv63.0,6439,7313,"Susanne, ein Modell.",2,ist,VAFIN,sein,1560,,
tg,tv63.0,6439,7313,"Susanne, ein Modell.",2,ja,ADV,ja,1560,,
tg,tv63.0,6439,7313,"Susanne, ein Modell.",2,mein,PPOSAT,mein,1560,"Susanne, ein Modell.",2
tg,tv63.0,6439,7313,"Susanne, ein Modell.",2,Beruf,NN,beruf,1560,,
tg,tv63.0,6439,7313,"Susanne, ein Modell.",2,.,$.,--,1560,,
tg,tv63.0,6439,7313,"Susanne, ein Modell.",2,Komm,VVIMP,komm,1560,,
tg,tv63.0,6439,7313,"Susanne, ein Modell.",2,runter,ADV,runter,1560,,
tg,tv63.0,6439,7313,"Susanne, ein Modell.",2,an,APPR,an,1560,,
tg,tv63.0,6439,7313,"Susanne, ein Modell.",2,mein,PPOSAT,mein,1560,"Susanne, ein Modell.",2
tg,tv63.0,6439,7313,"Susanne, ein Modell.",2,Herz,NN,herz,1560,,
tg,tv63.0,6439,7313,"Susanne, ein Modell.",2,"!",$.,--,1560,,
tg,tv63.0,6439,7313,"Susanne, ein Modell.",2,Steck,NE,steck,1560,,
tg,tv63.0,6439,7313,"Susanne, ein Modell.",2,aber,ADV,aber,1560,,
tg,tv63.0,6439,7313,"Susanne, ein Modell.",2,zuvor,ADV,zuvor,1560,,
tg,tv63.0,6439,7313,"Susanne, ein Modell.",2,Deinen,PIAT,dein,1560,,
tg,tv63.0,6439,7313,"Susanne, ein Modell.",2,Degen,NN,degen,1560,,
tg,tv63.0,6439,7313,"Susanne, ein Modell.",2,ein,ART,ein,1560,,
tg,tv63.0,6439,7313,"Susanne, ein Modell.",2,"!",$.,--,1560,,
tg,tv63.0,7319,7467,"Susanne, ein Modell.",2,Napolium,NE,napolium,1560,,
tg,tv63.0,7319,7467,"Susanne, ein Modell.",2,",","$,",--,1560,,
tg,tv63.0,7319,7467,"Susanne, ein Modell.",2,schenk,VVFIN,schenk,1560,,
tg,tv63.0,7319,7467,"Susanne, ein Modell.",2,mir,PPER,sich,1560,"Susanne, ein Modell.",2
tg,tv63.0,7319,7467,"Susanne, ein Modell.",2,Deinen,PPOSAT,dein,1560,,
tg,tv63.0,7319,7467,"Susanne, ein Modell.",2,Hut,NN,hut,1560,,
tg,tv63.0,7319,7467,"Susanne, ein Modell.",2,"!",$.,--,1560,,
tg,tv63.0,7319,7467,"Susanne, ein Modell.",2,Ja,NN,ja,1560,,
tg,tv63.0,7319,7467,"Susanne, ein Modell.",2,?,$.,--,1560,,
tg,tv63.0,7319,7467,"Susanne, ein Modell.",2,Bitte,NN,bitte,1560,,
tg,tv63.0,7319,7467,"Susanne, ein Modell.",2,"!",$.,--,1560,,
tg,tv63.0,7319,7467,"Susanne, ein Modell.",2,Bitte,NN,bitte,1560,,
tg,tv63.0,7319,7467,"Susanne, ein Modell.",2,"!",$.,--,1560,,
tg,tv63.0,7319,7467,"Susanne, ein Modell.",2,Mein,PPOSAT,mein,1560,,
tg,tv63.0,7319,7467,"Susanne, ein Modell.",2,lieber,ADJD,lieber,1560,,
tg,tv63.0,7319,7467,"Susanne, ein Modell.",2,guter,ADJA,gut,1560,,
tg,tv63.0,7319,7467,"Susanne, ein Modell.",2,Polli,NN,polli,1560,,
tg,tv63.0,7319,7467,"Susanne, ein Modell.",2,"!",$.,--,1560,,
tg,tv63.0,7473,7551,NAPOLÉON,5,Susanne,NE,susanne,1560,,
tg,tv63.0,7473,7551,NAPOLÉON,5,",","$,",--,1560,,
tg,tv63.0,7473,7551,NAPOLÉON,5,ich,PPER,ich,1560,NAPOLÉON,5
tg,tv63.0,7473,7551,NAPOLÉON,5,schenke,VVFIN,schenken,1560,,
tg,tv63.0,7473,7551,NAPOLÉON,5,Dir,NE,dir,1560,,
tg,tv63.0,7473,7551,NAPOLÉON,5,den,ART,der,1560,,
tg,tv63.0,7473,7551,NAPOLÉON,5,Hut,NN,hut,1560,,
tg,tv63.0,7473,7551,NAPOLÉON,5,"!",$.,--,1560,,
tg,tv63.0,7556,7594,"Susanne, ein Modell.",2,Nimm,NE,nimm,1560,,
tg,tv63.0,7556,7594,"Susanne, ein Modell.",2,meine,PPOSAT,mein,1560,"Susanne, ein Modell.",2
tg,tv63.0,7556,7594,"Susanne, ein Modell.",2,Federkrone,NN,federkrone,1560,,
tg,tv63.0,7556,7594,"Susanne, ein Modell.",2,dafür,PROAV,dafür,1560,,
tg,tv63.0,7556,7594,"Susanne, ein Modell.",2,"!",$.,--,1560,,
tg,tv63.0,7599,7728,NAPOLEON,4,Mit,APPR,mit,1560,,
tg,tv63.0,7599,7728,NAPOLEON,4,Wonne,NN,wonne,1560,,
tg,tv63.0,7599,7728,NAPOLEON,4,"!",$.,--,1560,,
tg,tv63.0,7734,7973,"Susanne, ein Modell.",2,Hol,NE,hol,1560,,
tg,tv63.0,7734,7973,"Susanne, ein Modell.",2,mir,PPER,sich,1560,"Susanne, ein Modell.",2
tg,tv63.0,7734,7973,"Susanne, ein Modell.",2,den,ART,der,1560,,
tg,tv63.0,7734,7973,"Susanne, ein Modell.",2,Hut,NN,hut,1560,,
tg,tv63.0,7734,7973,"Susanne, ein Modell.",2,zurück,PTKVZ,zurück,1560,,
tg,tv63.0,7734,7973,"Susanne, ein Modell.",2,"!",$.,--,1560,,
tg,tv63.0,7734,7973,"Susanne, ein Modell.",2,Schnell,ADJD,schnell,1560,,
tg,tv63.0,7734,7973,"Susanne, ein Modell.",2,"!",$.,--,1560,,
tg,tv63.0,7734,7973,"Susanne, ein Modell.",2,Wirds,NE,wird,1560,,
tg,tv63.0,7734,7973,"Susanne, ein Modell.",2,bald,ADV,bald,1560,,
tg,tv63.0,7734,7973,"Susanne, ein Modell.",2,?,$.,--,1560,,
tg,tv63.0,7979,8019,NAPOLÉON,5,Susanne,NE,susanne,1560,,
tg,tv63.0,7979,8019,NAPOLÉON,5,",","$,",--,1560,,
tg,tv63.0,7979,8019,NAPOLÉON,5,was,PWS,was,1560,,
tg,tv63.0,7979,8019,NAPOLÉON,5,erlaubst,VVFIN,erlaubst,1560,,
tg,tv63.0,7979,8019,NAPOLÉON,5,Du,PPER,du,1560,,
tg,tv63.0,7979,8019,NAPOLÉON,5,Dir,NN,dir,1560,,
tg,tv63.0,7979,8019,NAPOLÉON,5,?,$.,--,1560,,
tg,tv63.0,8024,8148,"Susanne, ein Modell.",2,Komm,VVIMP,komm,1560,,
tg,tv63.0,8024,8148,"Susanne, ein Modell.",2,",","$,",--,1560,,
tg,tv63.0,8024,8148,"Susanne, ein Modell.",2,Du,PPER,du,1560,,
tg,tv63.0,8024,8148,"Susanne, ein Modell.",2,dummer,ADJA,dumm,1560,,
tg,tv63.0,8024,8148,"Susanne, ein Modell.",2,Polli,NN,polli,1560,,
tg,tv63.0,8024,8148,"Susanne, ein Modell.",2,",","$,",--,1560,,
tg,tv63.0,8024,8148,"Susanne, ein Modell.",2,ich,PPER,ich,1560,"Susanne, ein Modell.",2
tg,tv63.0,8024,8148,"Susanne, ein Modell.",2,will,VMFIN,wollen,1560,,
tg,tv63.0,8024,8148,"Susanne, ein Modell.",2,Dir,ART,dir,1560,,
tg,tv63.0,8024,8148,"Susanne, ein Modell.",2,Märchen,NN,märchen,1560,,
tg,tv63.0,8024,8148,"Susanne, ein Modell.",2,erzählen,VVFIN,erzählen,1560,,
tg,tv63.0,8024,8148,"Susanne, ein Modell.",2,"!",$.,--,1560,,
tg,tv63.0,8024,8148,"Susanne, ein Modell.",2,Wirst,VAFIN,wirst,1560,,
tg,tv63.0,8024,8148,"Susanne, ein Modell.",2,Du,PPER,du,1560,,
tg,tv63.0,8024,8148,"Susanne, ein Modell.",2,wohl,ADV,wohl,1560,,
tg,tv63.0,8024,8148,"Susanne, ein Modell.",2,kommen,VVINF,kommen,1560,,
tg,tv63.0,8024,8148,"Susanne, ein Modell.",2,"!",$.,--,1560,,
tg,tv63.0,8024,8148,"Susanne, ein Modell.",2,"!",$.,--,1560,,
tg,tv63.0,8154,9859,ZIBÓLKO,3,Die,ART,der,1560,,
tg,tv63.0,8154,9859,ZIBÓLKO,3,Susanne,NE,susanne,1560,,
tg,tv63.0,8154,9859,ZIBÓLKO,3,hat,VAFIN,haben,1560,,
tg,tv63.0,8154,9859,ZIBÓLKO,3,offenbar,ADJD,offenbar,1560,,
tg,tv63.0,8154,9859,ZIBÓLKO,3,den,ART,der,1560,,
tg,tv63.0,8154,9859,ZIBÓLKO,3,Napolium,NN,napolium,1560,,
tg,tv63.0,8154,9859,ZIBÓLKO,3,besiegt,VVPP,besiegen,1560,,
tg,tv63.0,8154,9859,ZIBÓLKO,3,"!",$.,--,1560,,
tg,tv63.0,8154,9859,ZIBÓLKO,3,ohne,APPR,ohne,1560,,
tg,tv63.0,8154,9859,ZIBÓLKO,3,Frage,NN,frage,1560,,
tg,tv63.0,8154,9859,ZIBÓLKO,3,"!",$.,--,1560,,
tg,tv63.0,8154,9859,ZIBÓLKO,3,Susanne,NE,susanne,1560,,
tg,tv63.0,8154,9859,ZIBÓLKO,3,ist,VAFIN,sein,1560,,
tg,tv63.0,8154,9859,ZIBÓLKO,3,tatsächlich,ADJD,tatsächlich,1560,,
tg,tv63.0,8154,9859,ZIBÓLKO,3,ein,ART,ein,1560,,
tg,tv63.0,8154,9859,ZIBÓLKO,3,Genie,NN,genie,1560,,
tg,tv63.0,8154,9859,ZIBÓLKO,3,"!",$.,--,1560,,
tg,tv63.0,8154,9859,ZIBÓLKO,3,Die,PDS,der,1560,,
tg,tv63.0,8154,9859,ZIBÓLKO,3,hat,VAFIN,haben,1560,,
tg,tv63.0,8154,9859,ZIBÓLKO,3,die,ART,der,1560,,
tg,tv63.0,8154,9859,ZIBÓLKO,3,Taktik,NN,taktik,1560,,
tg,tv63.0,8154,9859,ZIBÓLKO,3,und,KON,und,1560,,
tg,tv63.0,8154,9859,ZIBÓLKO,3,Diplomatik,NN,diplomatik,1560,,
tg,tv63.0,8154,9859,ZIBÓLKO,3,mit,APPR,mit,1560,,
tg,tv63.0,8154,9859,ZIBÓLKO,3,Löffeln,NN,löffel,1560,,
tg,tv63.0,8154,9859,ZIBÓLKO,3,gefressen,VVPP,gefressen,1560,,
tg,tv63.0,8154,9859,ZIBÓLKO,3,.,$.,--,1560,,
tg,tv63.0,8154,9859,ZIBÓLKO,3,Während,KOUS,während,1560,,
tg,tv63.0,8154,9859,ZIBÓLKO,3,sie,PPER,sie,1560,,
tg,tv63.0,8154,9859,ZIBÓLKO,3,mich,PRF,mich,1560,ZIBÓLKO,3
tg,tv63.0,8154,9859,ZIBÓLKO,3,liebt,VVFIN,lieben,1560,,
tg,tv63.0,8154,9859,ZIBÓLKO,3,",","$,",--,1560,,
tg,tv63.0,8154,9859,ZIBÓLKO,3,liebt,VVFIN,lieben,1560,,
tg,tv63.0,8154,9859,ZIBÓLKO,3,sie,PPER,sie,1560,,
tg,tv63.0,8154,9859,ZIBÓLKO,3,den,ART,der,1560,,
tg,tv63.0,8154,9859,ZIBÓLKO,3,Napolium,NN,napolium,1560,,
tg,tv63.0,8154,9859,ZIBÓLKO,3,"!",$.,--,1560,,
tg,tv63.0,8154,9859,ZIBÓLKO,3,Und,KON,und,1560,,
tg,tv63.0,8154,9859,ZIBÓLKO,3,ich,PPER,ich,1560,ZIBÓLKO,3
tg,tv63.0,8154,9859,ZIBÓLKO,3,kann,VMFIN,können,1560,,
tg,tv63.0,8154,9859,ZIBÓLKO,3,ruhig,ADJD,ruhig,1560,,
tg,tv63.0,8154,9859,ZIBÓLKO,3,regieren,ADJA,regieren,1560,,
tg,tv63.0,8154,9859,ZIBÓLKO,3,–,NN,–,1560,,
tg,tv63.0,8154,9859,ZIBÓLKO,3,kann,VMFIN,können,1560,,
tg,tv63.0,8154,9859,ZIBÓLKO,3,ruhig,ADJD,ruhig,1560,,
tg,tv63.0,8154,9859,ZIBÓLKO,3,das,ART,der,1560,,
tg,tv63.0,8154,9859,ZIBÓLKO,3,ganze,ADJA,ganz,1560,,
tg,tv63.0,8154,9859,ZIBÓLKO,3,zwanzigste,ADJA,zwanzigster,1560,,
tg,tv63.0,8154,9859,ZIBÓLKO,3,Jahrhundert,NN,jahrhundert,1560,,
tg,tv63.0,8154,9859,ZIBÓLKO,3,regieren,VVINF,regieren,1560,,
tg,tv63.0,8154,9859,ZIBÓLKO,3,.,$.,--,1560,,
tg,tv63.0,8154,9859,ZIBÓLKO,3,Spass,NE,spass,1560,,
tg,tv63.0,8154,9859,ZIBÓLKO,3,"!",$.,--,1560,,
tg,tv63.0,8154,9859,ZIBÓLKO,3,Ich,PPER,ich,1560,,
tg,tv63.0,8154,9859,ZIBÓLKO,3,regiere,VVFIN,regieren,1560,,
tg,tv63.0,8154,9859,ZIBÓLKO,3,mit,APPR,mit,1560,,
tg,tv63.0,8154,9859,ZIBÓLKO,3,Pinsel,NN,pinsel,1560,,
tg,tv63.0,8154,9859,ZIBÓLKO,3,und,KON,und,1560,,
tg,tv63.0,8154,9859,ZIBÓLKO,3,Palette,NN,palette,1560,,
tg,tv63.0,8154,9859,ZIBÓLKO,3,"!",$.,--,1560,,
tg,tv63.0,8154,9859,ZIBÓLKO,3,Jetzt,ADV,jetzt,1560,,
tg,tv63.0,8154,9859,ZIBÓLKO,3,will,VMFIN,wollen,1560,,
tg,tv63.0,8154,9859,ZIBÓLKO,3,ich,PPER,ich,1560,ZIBÓLKO,3
tg,tv63.0,8154,9859,ZIBÓLKO,3,der,ART,der,1560,,
tg,tv63.0,8154,9859,ZIBÓLKO,3,Welt,NN,welt,1560,,
tg,tv63.0,8154,9859,ZIBÓLKO,3,was,PWS,was,1560,,
tg,tv63.0,8154,9859,ZIBÓLKO,3,aufsuggerieren,VVINF,aufsuggerieren,1560,,
tg,tv63.0,8154,9859,ZIBÓLKO,3,"!",$.,--,1560,,
tg,tv63.0,8154,9859,ZIBÓLKO,3,Fächelt,VVFIN,fächeln,1560,,
tg,tv63.0,8154,9859,ZIBÓLKO,3,sich,PRF,sich,1560,,
tg,tv63.0,8154,9859,ZIBÓLKO,3,mit,APPR,mit,1560,,
tg,tv63.0,8154,9859,ZIBÓLKO,3,der,ART,der,1560,,
tg,tv63.0,8154,9859,ZIBÓLKO,3,Palette,NN,palette,1560,,
tg,tv63.0,8154,9859,ZIBÓLKO,3,frische,ADJA,frisch,1560,,
tg,tv63.0,8154,9859,ZIBÓLKO,3,Luft,NN,luft,1560,,
tg,tv63.0,8154,9859,ZIBÓLKO,3,zu,PTKVZ,zu,1560,,
tg,tv63.0,8154,9859,ZIBÓLKO,3,",","$,",--,1560,,
tg,tv63.0,8154,9859,ZIBÓLKO,3,hält,VVFIN,halten,1560,,
tg,tv63.0,8154,9859,ZIBÓLKO,3,den,ART,der,1560,,
tg,tv63.0,8154,9859,ZIBÓLKO,3,Pinsel,NN,pinsel,1560,,
tg,tv63.0,8154,9859,ZIBÓLKO,3,nach,APPR,nach,1560,,
tg,tv63.0,8154,9859,ZIBÓLKO,3,unten,ADV,unten,1560,,
tg,tv63.0,8154,9859,ZIBÓLKO,3,wie,KOKOM,wie,1560,,
tg,tv63.0,8154,9859,ZIBÓLKO,3,einen,ART,ein,1560,,
tg,tv63.0,8154,9859,ZIBÓLKO,3,Säbel,NN,säbel,1560,,
tg,tv63.0,8154,9859,ZIBÓLKO,3,.,$.,--,1560,,
tg,tv63.0,8154,9859,ZIBÓLKO,3,Die,ART,der,1560,,
tg,tv63.0,8154,9859,ZIBÓLKO,3,Geschichte,NN,geschichte,1560,,
tg,tv63.0,8154,9859,ZIBÓLKO,3,wird,VAFIN,werden,1560,,
tg,tv63.0,8154,9859,ZIBÓLKO,3,einfach,ADV,einfach,1560,,
tg,tv63.0,8154,9859,ZIBÓLKO,3,grossartig,ADJD,grossartig,1560,,
tg,tv63.0,8154,9859,ZIBÓLKO,3,"!",$.,--,1560,,
tg,tv63.0,8154,9859,ZIBÓLKO,3,Tiefsinnig,NE,tiefsinnig,1560,,
tg,tv63.0,8154,9859,ZIBÓLKO,3,–,XY,–,1560,,
tg,tv63.0,8154,9859,ZIBÓLKO,3,fast,ADV,fast,1560,,
tg,tv63.0,8154,9859,ZIBÓLKO,3,murmelnd,ADJD,murmelnd,1560,,
tg,tv63.0,8154,9859,ZIBÓLKO,3,.,$.,--,1560,,
tg,tv63.0,8154,9859,ZIBÓLKO,3,Die,ART,der,1560,,
tg,tv63.0,8154,9859,ZIBÓLKO,3,Uniform,NN,uniform,1560,,
tg,tv63.0,8154,9859,ZIBÓLKO,3,verfiel,VVFIN,verfallen,1560,,
tg,tv63.0,8154,9859,ZIBÓLKO,3,in,APPR,in,1560,,
tg,tv63.0,8154,9859,ZIBÓLKO,3,Grössenwahn,NN,grössenwahn,1560,,
tg,tv63.0,8154,9859,ZIBÓLKO,3,und,KON,und,1560,,
tg,tv63.0,8154,9859,ZIBÓLKO,3,schuf,VVFIN,schaffen,1560,,
tg,tv63.0,8154,9859,ZIBÓLKO,3,sich,PRF,sich,1560,,
tg,tv63.0,8154,9859,ZIBÓLKO,3,einen,ART,ein,1560,,
tg,tv63.0,8154,9859,ZIBÓLKO,3,Apostel,NN,apostel,1560,,
tg,tv63.0,8154,9859,ZIBÓLKO,3,",","$,",--,1560,,
tg,tv63.0,8154,9859,ZIBÓLKO,3,den,PRELS,der,1560,,
tg,tv63.0,8154,9859,ZIBÓLKO,3,die,ART,der,1560,,
tg,tv63.0,8154,9859,ZIBÓLKO,3,Welt,NN,welt,1560,,
tg,tv63.0,8154,9859,ZIBÓLKO,3,Napolium,NE,napolium,1560,,
tg,tv63.0,8154,9859,ZIBÓLKO,3,nannte,VVFIN,nennen,1560,,
tg,tv63.0,8154,9859,ZIBÓLKO,3,.,$.,--,1560,,
tg,tv63.0,8154,9859,ZIBÓLKO,3,Jetzt,ADV,jetzt,1560,,
tg,tv63.0,8154,9859,ZIBÓLKO,3,soll,VMFIN,sollen,1560,,
tg,tv63.0,8154,9859,ZIBÓLKO,3,die,ART,der,1560,,
tg,tv63.0,8154,9859,ZIBÓLKO,3,Kunst,NN,kunst,1560,,
tg,tv63.0,8154,9859,ZIBÓLKO,3,in,APPR,in,1560,,
tg,tv63.0,8154,9859,ZIBÓLKO,3,Grössenwahn,NN,grössenwahn,1560,,
tg,tv63.0,8154,9859,ZIBÓLKO,3,verfallen,VVINF,verfallen,1560,,
tg,tv63.0,8154,9859,ZIBÓLKO,3,und,KON,und,1560,,
tg,tv63.0,8154,9859,ZIBÓLKO,3,–,TRUNC,–,1560,,
tg,tv63.0,8154,9859,ZIBÓLKO,3,und,KON,und,1560,,
tg,tv63.0,8154,9859,ZIBÓLKO,3,–,XY,–,1560,,
tg,tv63.0,8154,9859,ZIBÓLKO,3,Unheimlich,ADJD,unheimlich,1560,,
tg,tv63.0,8154,9859,ZIBÓLKO,3,langsam,ADJD,langsam,1560,,
tg,tv63.0,8154,9859,ZIBÓLKO,3,aufstehend,ADJD,aufstehend,1560,,
tg,tv63.0,8154,9859,ZIBÓLKO,3,.,$.,--,1560,,
tg,tv63.0,8154,9859,ZIBÓLKO,3,Zibólko,NE,zibólko,1560,,
tg,tv63.0,8154,9859,ZIBÓLKO,3,soll,VMFIN,sollen,1560,,
tg,tv63.0,8154,9859,ZIBÓLKO,3,der,ART,der,1560,,
tg,tv63.0,8154,9859,ZIBÓLKO,3,Kunst-Apostel,NN,kunst-apostel,1560,,
tg,tv63.0,8154,9859,ZIBÓLKO,3,sein,VAINF,sein,1560,,
tg,tv63.0,8154,9859,ZIBÓLKO,3,"!",$.,--,1560,,
tg,tv63.0,8154,9859,ZIBÓLKO,3,Während,KOUS,während,1560,,
tg,tv63.0,8154,9859,ZIBÓLKO,3,er,PPER,er,1560,,
tg,tv63.0,8154,9859,ZIBÓLKO,3,sich,PRF,sich,1560,,
tg,tv63.0,8154,9859,ZIBÓLKO,3,fest,PTKVZ,fest,1560,,
tg,tv63.0,8154,9859,ZIBÓLKO,3,auf,APPR,auf,1560,,
tg,tv63.0,8154,9859,ZIBÓLKO,3,zwei,CARD,zwei,1560,,
tg,tv63.0,8154,9859,ZIBÓLKO,3,Mittelstufen,NN,mittelstufe,1560,,
tg,tv63.0,8154,9859,ZIBÓLKO,3,der,ART,der,1560,,
tg,tv63.0,8154,9859,ZIBÓLKO,3,Trittleiter,NN,trittleiter,1560,,
tg,tv63.0,8154,9859,ZIBÓLKO,3,stellt,VVFIN,stellen,1560,,
tg,tv63.0,8154,9859,ZIBÓLKO,3,.,$.,--,1560,,
tg,tv63.0,8154,9859,ZIBÓLKO,3,Huh,ITJ,huh,1560,,
tg,tv63.0,8154,9859,ZIBÓLKO,3,"!",$.,--,1560,,
tg,tv63.0,8154,9859,ZIBÓLKO,3,Man,PIS,man,1560,,
tg,tv63.0,8154,9859,ZIBÓLKO,3,staune,VVFIN,staunen,1560,,
tg,tv63.0,8154,9859,ZIBÓLKO,3,"!",$.,--,1560,,
tg,tv63.0,8154,9859,ZIBÓLKO,3,Zucken,NN,zucken,1560,,
tg,tv63.0,8154,9859,ZIBÓLKO,3,da,ADV,da,1560,,
tg,tv63.0,8154,9859,ZIBÓLKO,3,drüben,VVFIN,drüben,1560,,
tg,tv63.0,8154,9859,ZIBÓLKO,3,nicht,PTKNEG,nicht,1560,,
tg,tv63.0,8154,9859,ZIBÓLKO,3,bunte,ADJA,bunen,1560,,
tg,tv63.0,8154,9859,ZIBÓLKO,3,",","$,",--,1560,,
tg,tv63.0,8154,9859,ZIBÓLKO,3,glitzernde,ADJA,glitzernd,1560,,
tg,tv63.0,8154,9859,ZIBÓLKO,3,Glanzlichter,NN,glanzlichter,1560,,
tg,tv63.0,8154,9859,ZIBÓLKO,3,auf,APPR,auf,1560,,
tg,tv63.0,8154,9859,ZIBÓLKO,3,"!",$.,--,1560,,
tg,tv63.0,8154,9859,ZIBÓLKO,3,Das,PDS,der,1560,,
tg,tv63.0,8154,9859,ZIBÓLKO,3,ist,VAFIN,sein,1560,,
tg,tv63.0,8154,9859,ZIBÓLKO,3,ja,ADV,ja,1560,,
tg,tv63.0,8154,9859,ZIBÓLKO,3,wirklich,ADJD,wirklich,1560,,
tg,tv63.0,8154,9859,ZIBÓLKO,3,das,ART,der,1560,,
tg,tv63.0,8154,9859,ZIBÓLKO,3,zwanzigste,ADJA,zwanzigster,1560,,
tg,tv63.0,8154,9859,ZIBÓLKO,3,Jahrhundert,NN,jahrhundert,1560,,
tg,tv63.0,8154,9859,ZIBÓLKO,3,"!",$.,--,1560,,
tg,tv63.0,8154,9859,ZIBÓLKO,3,Na,ITJ,na,1560,,
tg,tv63.0,8154,9859,ZIBÓLKO,3,natürlich,ADV,natürlich,1560,,
tg,tv63.0,8154,9859,ZIBÓLKO,3,"!",$.,--,1560,,
tg,tv63.0,8154,9859,ZIBÓLKO,3,Ein,ART,ein,1560,,
tg,tv63.0,8154,9859,ZIBÓLKO,3,glänzendes,ADJA,glänzend,1560,,
tg,tv63.0,8154,9859,ZIBÓLKO,3,Zeitalter,NN,zeitalter,1560,,
tg,tv63.0,8154,9859,ZIBÓLKO,3,:,$.,--,1560,,
tg,tv63.0,8154,9859,ZIBÓLKO,3,Strahlende,NN,strahlend,1560,,
tg,tv63.0,8154,9859,ZIBÓLKO,3,Riesenpaläste,NN,riesenpalast,1560,,
tg,tv63.0,8154,9859,ZIBÓLKO,3,öffnen,VVFIN,öffnen,1560,,
tg,tv63.0,8154,9859,ZIBÓLKO,3,sich,PRF,sich,1560,,
tg,tv63.0,8154,9859,ZIBÓLKO,3,"!",$.,--,1560,,
tg,tv63.0,8154,9859,ZIBÓLKO,3,Hei,ITJ,hei,1560,,
tg,tv63.0,8154,9859,ZIBÓLKO,3,"!",$.,--,1560,,
tg,tv63.0,8154,9859,ZIBÓLKO,3,Das,PDS,der,1560,,
tg,tv63.0,8154,9859,ZIBÓLKO,3,ist,VAFIN,sein,1560,,
tg,tv63.0,8154,9859,ZIBÓLKO,3,ein,ART,ein,1560,,
tg,tv63.0,8154,9859,ZIBÓLKO,3,Künstlerreich,NN,künstlerreich,1560,,
tg,tv63.0,8154,9859,ZIBÓLKO,3,"!",$.,--,1560,,
tg,tv63.0,8154,9859,ZIBÓLKO,3,Mit,APPR,mit,1560,,
tg,tv63.0,8154,9859,ZIBÓLKO,3,verklärten,ADJA,verklären,1560,,
tg,tv63.0,8154,9859,ZIBÓLKO,3,glänzenden,ADJA,glänzend,1560,,
tg,tv63.0,8154,9859,ZIBÓLKO,3,Augen,NN,auge,1560,,
tg,tv63.0,8154,9859,ZIBÓLKO,3,.,$.,--,1560,,
tg,tv63.0,8154,9859,ZIBÓLKO,3,Die,ART,der,1560,,
tg,tv63.0,8154,9859,ZIBÓLKO,3,Welt,NN,welt,1560,,
tg,tv63.0,8154,9859,ZIBÓLKO,3,wird,VAFIN,werden,1560,,
tg,tv63.0,8154,9859,ZIBÓLKO,3,nicht,PTKNEG,nicht,1560,,
tg,tv63.0,8154,9859,ZIBÓLKO,3,mehr,ADV,mehr,1560,,
tg,tv63.0,8154,9859,ZIBÓLKO,3,hypnotisiert,VVPP,hypnotisieren,1560,,
tg,tv63.0,8154,9859,ZIBÓLKO,3,durch,APPR,durch,1560,,
tg,tv63.0,8154,9859,ZIBÓLKO,3,die,ART,der,1560,,
tg,tv63.0,8154,9859,ZIBÓLKO,3,Farbenpracht,NN,farbenpracht,1560,,
tg,tv63.0,8154,9859,ZIBÓLKO,3,der,ART,der,1560,,
tg,tv63.0,8154,9859,ZIBÓLKO,3,Uniform,NN,uniform,1560,,
tg,tv63.0,8154,9859,ZIBÓLKO,3,–,XY,–,1560,,
tg,tv63.0,8154,9859,ZIBÓLKO,3,nein,PTKANT,nein,1560,,
tg,tv63.0,8154,9859,ZIBÓLKO,3,–,XY,–,1560,,
tg,tv63.0,8154,9859,ZIBÓLKO,3,fürderhin,ADV,fürderhin,1560,,
tg,tv63.0,8154,9859,ZIBÓLKO,3,hypnotisiert,VVFIN,hypnotisieren,1560,,
tg,tv63.0,8154,9859,ZIBÓLKO,3,nur,ADV,nur,1560,,
tg,tv63.0,8154,9859,ZIBÓLKO,3,noch,ADV,noch,1560,,
tg,tv63.0,8154,9859,ZIBÓLKO,3,die,ART,der,1560,,
tg,tv63.0,8154,9859,ZIBÓLKO,3,Farbenpracht,NN,farbenpracht,1560,,
tg,tv63.0,8154,9859,ZIBÓLKO,3,der,ART,der,1560,,
tg,tv63.0,8154,9859,ZIBÓLKO,3,allein,ADV,allein,1560,,
tg,tv63.0,8154,9859,ZIBÓLKO,3,selig,ADJD,selig,1560,,
tg,tv63.0,8154,9859,ZIBÓLKO,3,machenden,ADJA,machend,1560,,
tg,tv63.0,8154,9859,ZIBÓLKO,3,Kunst,NN,kunst,1560,,
tg,tv63.0,8154,9859,ZIBÓLKO,3,.,$.,--,1560,,
tg,tv63.0,8154,9859,ZIBÓLKO,3,Tiefsinnig,NE,tiefsinnig,1560,,
tg,tv63.0,8154,9859,ZIBÓLKO,3,–,XY,–,1560,,
tg,tv63.0,8154,9859,ZIBÓLKO,3,sehr,ADV,sehr,1560,,
tg,tv63.0,8154,9859,ZIBÓLKO,3,geistreich,ADJD,geistreich,1560,,
tg,tv63.0,8154,9859,ZIBÓLKO,3,.,$.,--,1560,,
tg,tv63.0,8154,9859,ZIBÓLKO,3,Die,ART,der,1560,,
tg,tv63.0,8154,9859,ZIBÓLKO,3,blanken,ADJA,blank,1560,,
tg,tv63.0,8154,9859,ZIBÓLKO,3,Kunstknöpfe,NN,kunstknopf,1560,,
tg,tv63.0,8154,9859,ZIBÓLKO,3,sind,VAFIN,sein,1560,,
tg,tv63.0,8154,9859,ZIBÓLKO,3,tausend,CARD,tausend,1560,,
tg,tv63.0,8154,9859,ZIBÓLKO,3,Mal,NN,mal,1560,,
tg,tv63.0,8154,9859,ZIBÓLKO,3,heller,ADJA,hell,1560,,
tg,tv63.0,8154,9859,ZIBÓLKO,3,und,KON,und,1560,,
tg,tv63.0,8154,9859,ZIBÓLKO,3,feuriger,ADJD,feurig,1560,,
tg,tv63.0,8154,9859,ZIBÓLKO,3,als,KOKOM,als,1560,,
tg,tv63.0,8154,9859,ZIBÓLKO,3,die,ART,der,1560,,
tg,tv63.0,8154,9859,ZIBÓLKO,3,blanken,ADJA,blank,1560,,
tg,tv63.0,8154,9859,ZIBÓLKO,3,Soldatenknöpfe,NN,soldatenknopf,1560,,
tg,tv63.0,8154,9859,ZIBÓLKO,3,",","$,",--,1560,,
tg,tv63.0,8154,9859,ZIBÓLKO,3,die,PRELS,der,1560,,
tg,tv63.0,8154,9859,ZIBÓLKO,3,alle,PIDAT,aller,1560,,
tg,tv63.0,8154,9859,ZIBÓLKO,3,Tage,NN,tag,1560,,
tg,tv63.0,8154,9859,ZIBÓLKO,3,blind,ADJD,blind,1560,,
tg,tv63.0,8154,9859,ZIBÓLKO,3,werden,VAINF,werden,1560,,
tg,tv63.0,8154,9859,ZIBÓLKO,3,.,$.,--,1560,,
tg,tv63.0,8154,9859,ZIBÓLKO,3,Donnerwetter,NN,donnerwetter,1560,,
tg,tv63.0,8154,9859,ZIBÓLKO,3,"!",$.,--,1560,,
tg,tv63.0,8154,9859,ZIBÓLKO,3,Wer,PWS,wer,1560,,
tg,tv63.0,8154,9859,ZIBÓLKO,3,das,PDS,der,1560,,
tg,tv63.0,8154,9859,ZIBÓLKO,3,nicht,PTKNEG,nicht,1560,,
tg,tv63.0,8154,9859,ZIBÓLKO,3,einsieht,VVFIN,einsehen,1560,,
tg,tv63.0,8154,9859,ZIBÓLKO,3,",","$,",--,1560,,
tg,tv63.0,8154,9859,ZIBÓLKO,3,kann,VMFIN,können,1560,,
tg,tv63.0,8154,9859,ZIBÓLKO,3,sich,PRF,sich,1560,,
tg,tv63.0,8154,9859,ZIBÓLKO,3,begraben,VVPP,begraben,1560,,
tg,tv63.0,8154,9859,ZIBÓLKO,3,lassen,VVINF,lassen,1560,,
tg,tv63.0,8154,9859,ZIBÓLKO,3,.,$.,--,1560,,
tg,tv63.0,8154,9859,ZIBÓLKO,3,Sich,PRF,sich,1560,,
tg,tv63.0,8154,9859,ZIBÓLKO,3,lachend,ADJD,lachend,1560,,
tg,tv63.0,8154,9859,ZIBÓLKO,3,hinter,APPR,hinter,1560,,
tg,tv63.0,8154,9859,ZIBÓLKO,3,den,ART,der,1560,,
tg,tv63.0,8154,9859,ZIBÓLKO,3,Ohren,NN,ohr,1560,,
tg,tv63.0,8154,9859,ZIBÓLKO,3,krauend,ADJD,krauend,1560,,
tg,tv63.0,8154,9859,ZIBÓLKO,3,.,$.,--,1560,,
tg,tv63.0,8154,9859,ZIBÓLKO,3,Der,ART,der,1560,,
tg,tv63.0,8154,9859,ZIBÓLKO,3,Glanz,NN,glanz,1560,,
tg,tv63.0,8154,9859,ZIBÓLKO,3,der,ART,der,1560,,
tg,tv63.0,8154,9859,ZIBÓLKO,3,Kunst,NN,kunst,1560,,
tg,tv63.0,8154,9859,ZIBÓLKO,3,wirkt,VVFIN,wirken,1560,,
tg,tv63.0,8154,9859,ZIBÓLKO,3,wie,KOKOM,wie,1560,,
tg,tv63.0,8154,9859,ZIBÓLKO,3,sieben,CARD,sieben,1560,,
tg,tv63.0,8154,9859,ZIBÓLKO,3,Mal,NN,mal,1560,,
tg,tv63.0,8154,9859,ZIBÓLKO,3,hundert,CARD,hundert,1560,,
tg,tv63.0,8154,9859,ZIBÓLKO,3,siebzig,CARD,siebzig,1560,,
tg,tv63.0,8154,9859,ZIBÓLKO,3,tausend,CARD,tausend,1560,,
tg,tv63.0,8154,9859,ZIBÓLKO,3,Milliarden,NN,milliarde,1560,,
tg,tv63.0,8154,9859,ZIBÓLKO,3,ganz,ADV,ganz,1560,,
tg,tv63.0,8154,9859,ZIBÓLKO,3,heisser,ADJA,heiß,1560,,
tg,tv63.0,8154,9859,ZIBÓLKO,3,Riesensonnen,NN,riesensonne,1560,,
tg,tv63.0,8154,9859,ZIBÓLKO,3,mit,APPR,mit,1560,,
tg,tv63.0,8154,9859,ZIBÓLKO,3,dicksten,ADJA,dickst,1560,,
tg,tv63.0,8154,9859,ZIBÓLKO,3,Milchstrassen,NN,milchstrasse,1560,,
tg,tv63.0,8154,9859,ZIBÓLKO,3,–,XY,–,1560,,
tg,tv63.0,8154,9859,ZIBÓLKO,3,ach,PRF,ach,1560,,
tg,tv63.0,8154,9859,ZIBÓLKO,3,was,PWS,was,1560,,
tg,tv63.0,8154,9859,ZIBÓLKO,3,"!",$.,--,1560,,
tg,tv63.0,8154,9859,ZIBÓLKO,3,–,XY,–,1560,,
tg,tv63.0,8154,9859,ZIBÓLKO,3,noch,ADV,noch,1560,,
tg,tv63.0,8154,9859,ZIBÓLKO,3,viel,ADV,viel,1560,,
tg,tv63.0,8154,9859,ZIBÓLKO,3,stärker,ADJD,stark,1560,,
tg,tv63.0,8154,9859,ZIBÓLKO,3,–,XY,–,1560,,
tg,tv63.0,8154,9859,ZIBÓLKO,3,viel,PIDAT,viel,1560,,
tg,tv63.0,8154,9859,ZIBÓLKO,3,–,NN,–,1560,,
tg,tv63.0,8154,9859,ZIBÓLKO,3,viel,ADV,viel,1560,,
tg,tv63.0,8154,9859,ZIBÓLKO,3,stärker,ADJD,stark,1560,,
tg,tv63.0,8154,9859,ZIBÓLKO,3,"!",$.,--,1560,,
tg,tv63.0,9864,10065,"Susanne, ein Modell.",2,Napolium,ADV,napolium,1560,,
tg,tv63.0,9864,10065,"Susanne, ein Modell.",2,",","$,",--,1560,,
tg,tv63.0,9864,10065,"Susanne, ein Modell.",2,ich,PPER,ich,1560,"Susanne, ein Modell.",2
tg,tv63.0,9864,10065,"Susanne, ein Modell.",2,sage,VVFIN,sagen,1560,,
tg,tv63.0,9864,10065,"Susanne, ein Modell.",2,Dir,NE,dir,1560,,
tg,tv63.0,9864,10065,"Susanne, ein Modell.",2,:,$.,--,1560,,
tg,tv63.0,9864,10065,"Susanne, ein Modell.",2,ich,PPER,ich,1560,"Susanne, ein Modell.",2
tg,tv63.0,9864,10065,"Susanne, ein Modell.",2,bin,VAFIN,sein,1560,,
tg,tv63.0,9864,10065,"Susanne, ein Modell.",2,Susanna,NE,susanna,1560,,
tg,tv63.0,9864,10065,"Susanne, ein Modell.",2,",","$,",--,1560,,
tg,tv63.0,9864,10065,"Susanne, ein Modell.",2,eine,ART,ein,1560,,
tg,tv63.0,9864,10065,"Susanne, ein Modell.",2,sagenumwobene,ADJA,sagenumwoben,1560,,
tg,tv63.0,9864,10065,"Susanne, ein Modell.",2,indianische,ADJA,indianisch,1560,,
tg,tv63.0,9864,10065,"Susanne, ein Modell.",2,Prinzessin,NN,prinzessin,1560,,
tg,tv63.0,9864,10065,"Susanne, ein Modell.",2,",","$,",--,1560,,
tg,tv63.0,9864,10065,"Susanne, ein Modell.",2,die,PRELS,der,1560,,
tg,tv63.0,9864,10065,"Susanne, ein Modell.",2,sich,PRF,sich,1560,,
tg,tv63.0,9864,10065,"Susanne, ein Modell.",2,Nichts,PIAT,nichts,1560,,
tg,tv63.0,9864,10065,"Susanne, ein Modell.",2,weiss,NN,weiss,1560,,
tg,tv63.0,9864,10065,"Susanne, ein Modell.",2,machen,VVFIN,machen,1560,,
tg,tv63.0,9864,10065,"Susanne, ein Modell.",2,lässt,ADJD,lässen,1560,,
tg,tv63.0,9864,10065,"Susanne, ein Modell.",2,"!",$.,--,1560,,
tg,tv63.0,9864,10065,"Susanne, ein Modell.",2,Du,PPER,du,1560,,
tg,tv63.0,9864,10065,"Susanne, ein Modell.",2,musst,VVFIN,mussen,1560,,
tg,tv63.0,9864,10065,"Susanne, ein Modell.",2,mir,PPER,sich,1560,"Susanne, ein Modell.",2
tg,tv63.0,9864,10065,"Susanne, ein Modell.",2,gehorchen,VVINF,gehorchen,1560,,
tg,tv63.0,9864,10065,"Susanne, ein Modell.",2,.,$.,--,1560,,
tg,tv63.0,10070,10231,ZIBÓLKO,3,Susanne,NE,susanne,1560,,
tg,tv63.0,10070,10231,ZIBÓLKO,3,",","$,",--,1560,,
tg,tv63.0,10070,10231,ZIBÓLKO,3,was,PWS,was,1560,,
tg,tv63.0,10070,10231,ZIBÓLKO,3,schreist,VVFIN,schreien,1560,,
tg,tv63.0,10070,10231,ZIBÓLKO,3,Du,PPER,du,1560,,
tg,tv63.0,10070,10231,ZIBÓLKO,3,da,ADV,da,1560,,
tg,tv63.0,10070,10231,ZIBÓLKO,3,so,ADV,so,1560,,
tg,tv63.0,10070,10231,ZIBÓLKO,3,?,$.,--,1560,,
tg,tv63.0,10070,10231,ZIBÓLKO,3,Sei,VAIMP,sein,1560,,
tg,tv63.0,10070,10231,ZIBÓLKO,3,endlich,ADV,endlich,1560,,
tg,tv63.0,10070,10231,ZIBÓLKO,3,still,ADJD,still,1560,,
tg,tv63.0,10070,10231,ZIBÓLKO,3,"!",$.,--,1560,,
tg,tv63.0,10070,10231,ZIBÓLKO,3,Hörst,VAFIN,hörst,1560,,
tg,tv63.0,10070,10231,ZIBÓLKO,3,Du,PPER,du,1560,,
tg,tv63.0,10070,10231,ZIBÓLKO,3,denn,ADV,denn,1560,,
tg,tv63.0,10070,10231,ZIBÓLKO,3,nicht,PTKNEG,nicht,1560,,
tg,tv63.0,10070,10231,ZIBÓLKO,3,",","$,",--,1560,,
tg,tv63.0,10070,10231,ZIBÓLKO,3,dass,KOUS,daß,1560,,
tg,tv63.0,10070,10231,ZIBÓLKO,3,ich,PPER,ich,1560,ZIBÓLKO,3
tg,tv63.0,10070,10231,ZIBÓLKO,3,jetzt,ADV,jetzt,1560,,
tg,tv63.0,10070,10231,ZIBÓLKO,3,schon,ADV,schon,1560,,
tg,tv63.0,10070,10231,ZIBÓLKO,3,das,ART,der,1560,,
tg,tv63.0,10070,10231,ZIBÓLKO,3,zwanzigste,ADJA,zwanzigster,1560,,
tg,tv63.0,10070,10231,ZIBÓLKO,3,Jahrhundert,NN,jahrhundert,1560,,
tg,tv63.0,10070,10231,ZIBÓLKO,3,regiere,VVFIN,regieren,1560,,
tg,tv63.0,10070,10231,ZIBÓLKO,3,?,$.,--,1560,,
tg,tv63.0,10070,10231,ZIBÓLKO,3,Bist,VAFIN,sein,1560,,
tg,tv63.0,10070,10231,ZIBÓLKO,3,Du,PPER,du,1560,,
tg,tv63.0,10070,10231,ZIBÓLKO,3,taub,ADJD,taub,1560,,
tg,tv63.0,10070,10231,ZIBÓLKO,3,geworden,VAPP,werden,1560,,
tg,tv63.0,10070,10231,ZIBÓLKO,3,?,$.,--,1560,,
tg,tv63.0,10236,10405,NAPOLÉON,5,Susanne,NE,susanne,1560,,
tg,tv63.0,10236,10405,NAPOLÉON,5,mit,APPR,mit,1560,,
tg,tv63.0,10236,10405,NAPOLÉON,5,Napoleonshut,NN,napoleonshut,1560,,
tg,tv63.0,10236,10405,NAPOLÉON,5,folgt,VVFIN,folgen,1560,,
tg,tv63.0,10236,10405,NAPOLÉON,5,mit,APPR,mit,1560,,
tg,tv63.0,10236,10405,NAPOLÉON,5,hocherhobenem,ADJA,hocherhoben,1560,,
tg,tv63.0,10236,10405,NAPOLÉON,5,Haarbesen,NN,haarbesen,1560,,
tg,tv63.0,10236,10405,NAPOLÉON,5,.,$.,--,1560,,
tg,tv63.0,10236,10405,NAPOLÉON,5,Herr,NN,herr,1560,,
tg,tv63.0,10236,10405,NAPOLÉON,5,"!",$.,--,1560,,
tg,tv63.0,10236,10405,NAPOLÉON,5,"!",$.,--,1560,,
tg,tv63.0,10236,10405,NAPOLÉON,5,Was,PWS,was,1560,,
tg,tv63.0,10236,10405,NAPOLÉON,5,fällt,VVFIN,fallen,1560,,
tg,tv63.0,10236,10405,NAPOLÉON,5,Ihnen,PPER,ihnen,1560,,
tg,tv63.0,10236,10405,NAPOLÉON,5,eigentlich,ADV,eigentlich,1560,,
tg,tv63.0,10236,10405,NAPOLÉON,5,ein,ART,ein,1560,,
tg,tv63.0,10236,10405,NAPOLÉON,5,?,$.,--,1560,,
tg,tv63.0,10410,10665,ZIBÓLKO,3,Sie,PPER,sie,1560,,
tg,tv63.0,10410,10665,ZIBÓLKO,3,–,VVIMP,–,1560,,
tg,tv63.0,10410,10665,ZIBÓLKO,3,Sie,PPER,sie,1560,,
tg,tv63.0,10410,10665,ZIBÓLKO,3,–,VVIMP,–,1560,,
tg,tv63.0,10410,10665,ZIBÓLKO,3,Sie,PPER,sie,1560,,
tg,tv63.0,10410,10665,ZIBÓLKO,3,gänzlich,ADJD,gänzlich,1560,,
tg,tv63.0,10410,10665,ZIBÓLKO,3,veralteter,ADJA,veraltet,1560,,
tg,tv63.0,10410,10665,ZIBÓLKO,3,Napolium,NN,napolium,1560,,
tg,tv63.0,10410,10665,ZIBÓLKO,3,–,CARD,–,1560,,
tg,tv63.0,10410,10665,ZIBÓLKO,3,machen,VVFIN,machen,1560,,
tg,tv63.0,10410,10665,ZIBÓLKO,3,Sie,PPER,sie,1560,,
tg,tv63.0,10410,10665,ZIBÓLKO,3,sich,PRF,sich,1560,,
tg,tv63.0,10410,10665,ZIBÓLKO,3,nicht,PTKNEG,nicht,1560,,
tg,tv63.0,10410,10665,ZIBÓLKO,3,länger,ADJD,lang,1560,,
tg,tv63.0,10410,10665,ZIBÓLKO,3,mausig,ADJD,mausig,1560,,
tg,tv63.0,10410,10665,ZIBÓLKO,3,"!",$.,--,1560,,
tg,tv63.0,10410,10665,ZIBÓLKO,3,Das,PDS,der,1560,,
tg,tv63.0,10410,10665,ZIBÓLKO,3,rat,VVFIN,Rat,1560,,
tg,tv63.0,10410,10665,ZIBÓLKO,3,ich,PPER,ich,1560,ZIBÓLKO,3
tg,tv63.0,10410,10665,ZIBÓLKO,3,Ihnen,PPER,ihnen,1560,,
tg,tv63.0,10410,10665,ZIBÓLKO,3,in,APPR,in,1560,,
tg,tv63.0,10410,10665,ZIBÓLKO,3,allem,PIS,alle,1560,,
tg,tv63.0,10410,10665,ZIBÓLKO,3,Ernst,NE,ernst,1560,,
tg,tv63.0,10410,10665,ZIBÓLKO,3,.,$.,--,1560,,
tg,tv63.0,10410,10665,ZIBÓLKO,3,Helfen,VVINF,helfen,1560,,
tg,tv63.0,10410,10665,ZIBÓLKO,3,tuts,VAFIN,tut,1560,,
tg,tv63.0,10410,10665,ZIBÓLKO,3,Ihnen,PPER,ihnen,1560,,
tg,tv63.0,10410,10665,ZIBÓLKO,3,doch,ADV,doch,1560,,
tg,tv63.0,10410,10665,ZIBÓLKO,3,nichts,PIS,nichts,1560,,
tg,tv63.0,10410,10665,ZIBÓLKO,3,.,$.,--,1560,,
tg,tv63.0,10410,10665,ZIBÓLKO,3,Ich,PPER,ich,1560,,
tg,tv63.0,10410,10665,ZIBÓLKO,3,regiere,VVFIN,regieren,1560,,
tg,tv63.0,10410,10665,ZIBÓLKO,3,hier,ADV,hier,1560,,
tg,tv63.0,10410,10665,ZIBÓLKO,3,"!",$.,--,1560,,
tg,tv63.0,10410,10665,ZIBÓLKO,3,Sehen,NN,sehen,1560,,
tg,tv63.0,10410,10665,ZIBÓLKO,3,Sie,PPER,sie,1560,,
tg,tv63.0,10410,10665,ZIBÓLKO,3,das,PDS,der,1560,,
tg,tv63.0,10410,10665,ZIBÓLKO,3,nicht,PTKNEG,nicht,1560,,
tg,tv63.0,10410,10665,ZIBÓLKO,3,?,$.,--,1560,,
tg,tv63.0,10410,10665,ZIBÓLKO,3,Sind,VAFIN,sein,1560,,
tg,tv63.0,10410,10665,ZIBÓLKO,3,Sie,PPER,sie,1560,,
tg,tv63.0,10410,10665,ZIBÓLKO,3,auch,ADV,auch,1560,,
tg,tv63.0,10410,10665,ZIBÓLKO,3,kurzsichtig,ADJD,kurzsichtig,1560,,
tg,tv63.0,10410,10665,ZIBÓLKO,3,geworden,VAPP,werden,1560,,
tg,tv63.0,10410,10665,ZIBÓLKO,3,?,$.,--,1560,,
tg,tv63.0,10670,10723,NAPOLÉON,5,Zibólko,NE,zibólko,1560,,
tg,tv63.0,10670,10723,NAPOLÉON,5,",","$,",--,1560,,
tg,tv63.0,10670,10723,NAPOLÉON,5,mach,VVFIN,machen,1560,,
tg,tv63.0,10670,10723,NAPOLÉON,5,Er,PPER,er,1560,,
tg,tv63.0,10670,10723,NAPOLÉON,5,",","$,",--,1560,,
tg,tv63.0,10670,10723,NAPOLÉON,5,dass,KOUS,daß,1560,,
tg,tv63.0,10670,10723,NAPOLÉON,5,Er,PPER,er,1560,,
tg,tv63.0,10670,10723,NAPOLÉON,5,da,ADV,da,1560,,
tg,tv63.0,10670,10723,NAPOLÉON,5,runter,ADV,runter,1560,,
tg,tv63.0,10670,10723,NAPOLÉON,5,kommt,VVFIN,kommen,1560,,
tg,tv63.0,10670,10723,NAPOLÉON,5,.,$.,--,1560,,
tg,tv63.0,10728,10788,ZIBÓLKO,3,Susanne,NE,susanne,1560,,
tg,tv63.0,10728,10788,ZIBÓLKO,3,",","$,",--,1560,,
tg,tv63.0,10728,10788,ZIBÓLKO,3,nimm,VVFIN,nimm,1560,,
tg,tv63.0,10728,10788,ZIBÓLKO,3,den,ART,der,1560,,
tg,tv63.0,10728,10788,ZIBÓLKO,3,Besen,NN,besen,1560,,
tg,tv63.0,10728,10788,ZIBÓLKO,3,und,KON,und,1560,,
tg,tv63.0,10728,10788,ZIBÓLKO,3,feg,VVFIN,feg,1560,,
tg,tv63.0,10728,10788,ZIBÓLKO,3,den,ART,der,1560,,
tg,tv63.0,10728,10788,ZIBÓLKO,3,Napolium,NN,napolium,1560,,
tg,tv63.0,10728,10788,ZIBÓLKO,3,raus,ADV,raus,1560,,
tg,tv63.0,10728,10788,ZIBÓLKO,3,"!",$.,--,1560,,
tg,tv63.0,10793,11007,"Susanne, ein Modell.",2,Marsch,NE,marsch,1560,,
tg,tv63.0,10793,11007,"Susanne, ein Modell.",2,",","$,",--,1560,,
tg,tv63.0,10793,11007,"Susanne, ein Modell.",2,Napolium,NN,napolium,1560,,
tg,tv63.0,10793,11007,"Susanne, ein Modell.",2,"!",$.,--,1560,,
tg,tv63.0,10793,11007,"Susanne, ein Modell.",2,Es,PPER,es,1560,,
tg,tv63.0,10793,11007,"Susanne, ein Modell.",2,hat,VAFIN,haben,1560,,
tg,tv63.0,10793,11007,"Susanne, ein Modell.",2,zum,APPRART,zu,1560,,
tg,tv63.0,10793,11007,"Susanne, ein Modell.",2,Abschied,NN,abschied,1560,,
tg,tv63.0,10793,11007,"Susanne, ein Modell.",2,geblasen,VVINF,blasen,1560,,
tg,tv63.0,10793,11007,"Susanne, ein Modell.",2,"!",$.,--,1560,,
tg,tv63.0,10793,11007,"Susanne, ein Modell.",2,Du,PPER,du,1560,,
tg,tv63.0,10793,11007,"Susanne, ein Modell.",2,hast,VAFIN,haben,1560,,
tg,tv63.0,10793,11007,"Susanne, ein Modell.",2,hier,ADV,hier,1560,,
tg,tv63.0,10793,11007,"Susanne, ein Modell.",2,lange,ADV,lange,1560,,
tg,tv63.0,10793,11007,"Susanne, ein Modell.",2,genug,ADV,genug,1560,,
tg,tv63.0,10793,11007,"Susanne, ein Modell.",2,Komödie,NN,komödie,1560,,
tg,tv63.0,10793,11007,"Susanne, ein Modell.",2,gespielt,VVPP,spielen,1560,,
tg,tv63.0,10793,11007,"Susanne, ein Modell.",2,"!",$.,--,1560,,
tg,tv63.0,11013,11841,ZIBÓLKO,3,Napoliums,APPR,napolium,1560,,
tg,tv63.0,11013,11841,ZIBÓLKO,3,Ende,NN,ende,1560,,
tg,tv63.0,11013,11841,ZIBÓLKO,3,und,KON,und,1560,,
tg,tv63.0,11013,11841,ZIBÓLKO,3,Zibólkos,NN,zibólko,1560,,
tg,tv63.0,11013,11841,ZIBÓLKO,3,Anfang,NN,anfang,1560,,
tg,tv63.0,11013,11841,ZIBÓLKO,3,"!",$.,--,1560,,
tg,tv63.0,11013,11841,ZIBÓLKO,3,Jetzt,ADV,jetzt,1560,,
tg,tv63.0,11013,11841,ZIBÓLKO,3,setzt,VVFIN,setzen,1560,,
tg,tv63.0,11013,11841,ZIBÓLKO,3,es,PPER,es,1560,,
tg,tv63.0,11013,11841,ZIBÓLKO,3,Künstlergedanken,NN,künstlergedank,1560,,
tg,tv63.0,11013,11841,ZIBÓLKO,3,"!",$.,--,1560,,
tg,tv63.0,11013,11841,ZIBÓLKO,3,Neue,ADJA,neu,1560,,
tg,tv63.0,11013,11841,ZIBÓLKO,3,Geister,NN,geist,1560,,
tg,tv63.0,11013,11841,ZIBÓLKO,3,kommen,VVFIN,kommen,1560,,
tg,tv63.0,11013,11841,ZIBÓLKO,3,Flügel,NE,flügel,1560,,
tg,tv63.0,11013,11841,ZIBÓLKO,3,schlagend,ADJD,schlagend,1560,,
tg,tv63.0,11013,11841,ZIBÓLKO,3,hell,ADJD,hell,1560,,
tg,tv63.0,11013,11841,ZIBÓLKO,3,lachend,ADJD,lachend,1560,,
tg,tv63.0,11013,11841,ZIBÓLKO,3,heran,PTKVZ,heran,1560,,
tg,tv63.0,11013,11841,ZIBÓLKO,3,.,$.,--,1560,,
tg,tv63.0,11013,11841,ZIBÓLKO,3,Wir,PPER,wir,1560,,
tg,tv63.0,11013,11841,ZIBÓLKO,3,können,VMFIN,können,1560,,
tg,tv63.0,11013,11841,ZIBÓLKO,3,Alle,PIS,alle,1560,,
tg,tv63.0,11013,11841,ZIBÓLKO,3,lachen,VVINF,lachen,1560,,
tg,tv63.0,11013,11841,ZIBÓLKO,3,"!",$.,--,1560,,
tg,tv63.0,11013,11841,ZIBÓLKO,3,Gewaltige,ADJA,gewaltig,1560,,
tg,tv63.0,11013,11841,ZIBÓLKO,3,Weltbilder,NN,weltbild,1560,,
tg,tv63.0,11013,11841,ZIBÓLKO,3,mit,APPR,mit,1560,,
tg,tv63.0,11013,11841,ZIBÓLKO,3,neuen,ADJA,neu,1560,,
tg,tv63.0,11013,11841,ZIBÓLKO,3,Sternen,NN,stern,1560,,
tg,tv63.0,11013,11841,ZIBÓLKO,3,und,KON,und,1560,,
tg,tv63.0,11013,11841,ZIBÓLKO,3,neuen,ADJA,neu,1560,,
tg,tv63.0,11013,11841,ZIBÓLKO,3,Sonnen,NN,sonne,1560,,
tg,tv63.0,11013,11841,ZIBÓLKO,3,steigen,VVFIN,steigen,1560,,
tg,tv63.0,11013,11841,ZIBÓLKO,3,schon,ADV,schon,1560,,
tg,tv63.0,11013,11841,ZIBÓLKO,3,im,APPRART,in,1560,,
tg,tv63.0,11013,11841,ZIBÓLKO,3,Hintergrunde,NN,hintergrund,1560,,
tg,tv63.0,11013,11841,ZIBÓLKO,3,drollig,ADJD,drollig,1560,,
tg,tv63.0,11013,11841,ZIBÓLKO,3,leuchtend,ADJD,leuchtend,1560,,
tg,tv63.0,11013,11841,ZIBÓLKO,3,in,APPR,in,1560,,
tg,tv63.0,11013,11841,ZIBÓLKO,3,die,ART,der,1560,,
tg,tv63.0,11013,11841,ZIBÓLKO,3,Höh,NN,höhe,1560,,
tg,tv63.0,11013,11841,ZIBÓLKO,3,',$[,--,1560,,
tg,tv63.0,11013,11841,ZIBÓLKO,3,.,$.,--,1560,,
tg,tv63.0,11013,11841,ZIBÓLKO,3,Neue,ADJA,neu,1560,,
tg,tv63.0,11013,11841,ZIBÓLKO,3,»,NN,»,1560,,
tg,tv63.0,11013,11841,ZIBÓLKO,3,lustige,ADJA,lustig,1560,,
tg,tv63.0,11013,11841,ZIBÓLKO,3,«,NN,«,1560,,
tg,tv63.0,11013,11841,ZIBÓLKO,3,Raketen,NN,rakete,1560,,
tg,tv63.0,11013,11841,ZIBÓLKO,3,mit,APPR,mit,1560,,
tg,tv63.0,11013,11841,ZIBÓLKO,3,ganz,ADV,ganz,1560,,
tg,tv63.0,11013,11841,ZIBÓLKO,3,bunten,ADJA,bunt,1560,,
tg,tv63.0,11013,11841,ZIBÓLKO,3,Diamanten,NN,diamant,1560,,
tg,tv63.0,11013,11841,ZIBÓLKO,3,funkeln,VVFIN,funkeln,1560,,
tg,tv63.0,11013,11841,ZIBÓLKO,3,und,KON,und,1560,,
tg,tv63.0,11013,11841,ZIBÓLKO,3,zischen,ADJA,zischen,1560,,
tg,tv63.0,11013,11841,ZIBÓLKO,3,rechts,ADV,rechts,1560,,
tg,tv63.0,11013,11841,ZIBÓLKO,3,und,KON,und,1560,,
tg,tv63.0,11013,11841,ZIBÓLKO,3,links,ADV,links,1560,,
tg,tv63.0,11013,11841,ZIBÓLKO,3,"!",$.,--,1560,,
tg,tv63.0,11013,11841,ZIBÓLKO,3,Jetzt,ADV,jetzt,1560,,
tg,tv63.0,11013,11841,ZIBÓLKO,3,haben,VAFIN,haben,1560,,
tg,tv63.0,11013,11841,ZIBÓLKO,3,wir,PPER,wir,1560,,
tg,tv63.0,11013,11841,ZIBÓLKO,3,endlich,ADV,endlich,1560,,
tg,tv63.0,11013,11841,ZIBÓLKO,3,–,XY,–,1560,,
tg,tv63.0,11013,11841,ZIBÓLKO,3,Farben,NN,farbe,1560,,
tg,tv63.0,11013,11841,ZIBÓLKO,3,–,XY,–,1560,,
tg,tv63.0,11013,11841,ZIBÓLKO,3,Paläste,NN,palast,1560,,
tg,tv63.0,11013,11841,ZIBÓLKO,3,–,XY,–,1560,,
tg,tv63.0,11013,11841,ZIBÓLKO,3,echten,ADJA,echt,1560,,
tg,tv63.0,11013,11841,ZIBÓLKO,3,Weltrausch,NN,weltrausch,1560,,
tg,tv63.0,11013,11841,ZIBÓLKO,3,–,CARD,–,1560,,
tg,tv63.0,11013,11841,ZIBÓLKO,3,Welten,NN,welt,1560,,
tg,tv63.0,11013,11841,ZIBÓLKO,3,–,CARD,–,1560,,
tg,tv63.0,11013,11841,ZIBÓLKO,3,Welten,NN,welt,1560,,
tg,tv63.0,11013,11841,ZIBÓLKO,3,"!",$.,--,1560,,
tg,tv63.0,11013,11841,ZIBÓLKO,3,Wunder,NN,wunder,1560,,
tg,tv63.0,11013,11841,ZIBÓLKO,3,entzündende,ADJA,entzündend,1560,,
tg,tv63.0,11013,11841,ZIBÓLKO,3,magische,ADJA,magisch,1560,,
tg,tv63.0,11013,11841,ZIBÓLKO,3,Lichter,NN,licht,1560,,
tg,tv63.0,11013,11841,ZIBÓLKO,3,flackern,VVFIN,flackern,1560,,
tg,tv63.0,11013,11841,ZIBÓLKO,3,überall,ADV,überall,1560,,
tg,tv63.0,11013,11841,ZIBÓLKO,3,"!",$.,--,1560,,
tg,tv63.0,11013,11841,ZIBÓLKO,3,Und,KON,und,1560,,
tg,tv63.0,11013,11841,ZIBÓLKO,3,alle,PIDAT,aller,1560,,
tg,tv63.0,11013,11841,ZIBÓLKO,3,Menschen,NN,mensch,1560,,
tg,tv63.0,11013,11841,ZIBÓLKO,3,denken,VVINF,denken,1560,,
tg,tv63.0,11013,11841,ZIBÓLKO,3,und,KON,und,1560,,
tg,tv63.0,11013,11841,ZIBÓLKO,3,empfinden,VVFIN,empfinden,1560,,
tg,tv63.0,11013,11841,ZIBÓLKO,3,jetzt,ADV,jetzt,1560,,
tg,tv63.0,11013,11841,ZIBÓLKO,3,wie,KOKOM,wie,1560,,
tg,tv63.0,11013,11841,ZIBÓLKO,3,ich,PPER,ich,1560,ZIBÓLKO,3
tg,tv63.0,11013,11841,ZIBÓLKO,3,"!",$.,--,1560,,
tg,tv63.0,11013,11841,ZIBÓLKO,3,Das,PDS,der,1560,,
tg,tv63.0,11013,11841,ZIBÓLKO,3,ist,VAFIN,sein,1560,,
tg,tv63.0,11013,11841,ZIBÓLKO,3,eine,ART,ein,1560,,
tg,tv63.0,11013,11841,ZIBÓLKO,3,Lust,NN,lust,1560,,
tg,tv63.0,11013,11841,ZIBÓLKO,3,.,$.,--,1560,,
tg,tv63.0,11013,11841,ZIBÓLKO,3,Weihrauch,NN,weihrauch,1560,,
tg,tv63.0,11013,11841,ZIBÓLKO,3,"!",$.,--,1560,,
tg,tv63.0,11013,11841,ZIBÓLKO,3,Weihrauch,NN,weihrauch,1560,,
tg,tv63.0,11013,11841,ZIBÓLKO,3,"!",$.,--,1560,,
tg,tv63.0,11013,11841,ZIBÓLKO,3,Jubelt,VVFIN,jubelt,1560,,
tg,tv63.0,11013,11841,ZIBÓLKO,3,mir,PPER,sich,1560,ZIBÓLKO,3
tg,tv63.0,11013,11841,ZIBÓLKO,3,zu,APPR,zu,1560,,
tg,tv63.0,11013,11841,ZIBÓLKO,3,"!",$.,--,1560,,
tg,tv63.0,11013,11841,ZIBÓLKO,3,Ich,PPER,ich,1560,,
tg,tv63.0,11013,11841,ZIBÓLKO,3,bin,VAFIN,sein,1560,,
tg,tv63.0,11013,11841,ZIBÓLKO,3,ja,ADV,ja,1560,,
tg,tv63.0,11013,11841,ZIBÓLKO,3,der,ART,der,1560,,
tg,tv63.0,11013,11841,ZIBÓLKO,3,»,NN,»,1560,,
tg,tv63.0,11013,11841,ZIBÓLKO,3,Künstler,NN,künstler,1560,,
tg,tv63.0,11013,11841,ZIBÓLKO,3,an,APPR,an,1560,,
tg,tv63.0,11013,11841,ZIBÓLKO,3,sich,PRF,sich,1560,,
tg,tv63.0,11013,11841,ZIBÓLKO,3,«,XY,«,1560,,
tg,tv63.0,11013,11841,ZIBÓLKO,3,"!",$.,--,1560,,
tg,tv63.0,11013,11841,ZIBÓLKO,3,Habt,NE,haben,1560,,
tg,tv63.0,11013,11841,ZIBÓLKO,3,Ihr,PPOSAT,ihr,1560,,
tg,tv63.0,11013,11841,ZIBÓLKO,3,das,PDS,der,1560,,
tg,tv63.0,11013,11841,ZIBÓLKO,3,nicht,PTKNEG,nicht,1560,,
tg,tv63.0,11013,11841,ZIBÓLKO,3,gleich,ADV,gleich,1560,,
tg,tv63.0,11013,11841,ZIBÓLKO,3,mir,PPER,sich,1560,ZIBÓLKO,3
tg,tv63.0,11013,11841,ZIBÓLKO,3,angemerkt,VVFIN,anmerken,1560,,
tg,tv63.0,11013,11841,ZIBÓLKO,3,?,$.,--,1560,,
tg,tv63.0,11013,11841,ZIBÓLKO,3,Kinder,NN,kind,1560,,
tg,tv63.0,11013,11841,ZIBÓLKO,3,",","$,",--,1560,,
tg,tv63.0,11013,11841,ZIBÓLKO,3,lasst,VVFIN,lassen,1560,,
tg,tv63.0,11013,11841,ZIBÓLKO,3,Euch,PPER,euch,1560,,
tg,tv63.0,11013,11841,ZIBÓLKO,3,küssen,VVFIN,küssen,1560,,
tg,tv63.0,11013,11841,ZIBÓLKO,3,"!",$.,--,1560,,
tg,tv63.0,11013,11841,ZIBÓLKO,3,Weihrauch,NN,weihrauch,1560,,
tg,tv63.0,11013,11841,ZIBÓLKO,3,"!",$.,--,1560,,
tg,tv63.0,11013,11841,ZIBÓLKO,3,Weihrauch,NN,weihrauch,1560,,
tg,tv63.0,11013,11841,ZIBÓLKO,3,"!",$.,--,1560,,
tg,tv63.0,11013,11841,ZIBÓLKO,3,Ich,PPER,ich,1560,,
tg,tv63.0,11013,11841,ZIBÓLKO,3,suggeriere,VVFIN,suggerieren,1560,,
tg,tv63.0,11013,11841,ZIBÓLKO,3,"!",$.,--,1560,,
tg,tv63.0,11013,11841,ZIBÓLKO,3,Ich,PPER,ich,1560,,
tg,tv63.0,11013,11841,ZIBÓLKO,3,regiere,VVFIN,regieren,1560,,
tg,tv63.0,11013,11841,ZIBÓLKO,3,"!",$.,--,1560,,
tg,tv63.0,11013,11841,ZIBÓLKO,3,Schluchzt,NN,schluchzt,1560,,
tg,tv63.0,11013,11841,ZIBÓLKO,3,und,KON,und,1560,,
tg,tv63.0,11013,11841,ZIBÓLKO,3,agiert,VVFIN,agieren,1560,,
tg,tv63.0,11013,11841,ZIBÓLKO,3,furchtbar,ADJD,furchtbar,1560,,
tg,tv63.0,11013,11841,ZIBÓLKO,3,mit,APPR,mit,1560,,
tg,tv63.0,11013,11841,ZIBÓLKO,3,den,ART,der,1560,,
tg,tv63.0,11013,11841,ZIBÓLKO,3,Armen,NN,arme,1560,,
tg,tv63.0,11013,11841,ZIBÓLKO,3,.,$.,--,1560,,
tg,tv63.0,11847,12054,"Susanne, ein Modell.",2,Zibólko,NE,zibólko,1560,,
tg,tv63.0,11847,12054,"Susanne, ein Modell.",2,"!",$.,--,1560,,
tg,tv63.0,11847,12054,"Susanne, ein Modell.",2,Napolium,ADV,napolium,1560,,
tg,tv63.0,11847,12054,"Susanne, ein Modell.",2,brach,VVFIN,brechen,1560,,
tg,tv63.0,11847,12054,"Susanne, ein Modell.",2,das,ART,der,1560,,
tg,tv63.0,11847,12054,"Susanne, ein Modell.",2,Genick,NN,genick,1560,,
tg,tv63.0,11847,12054,"Susanne, ein Modell.",2,.,$.,--,1560,,
tg,tv63.0,11847,12054,"Susanne, ein Modell.",2,Er,PPER,er,1560,,
tg,tv63.0,11847,12054,"Susanne, ein Modell.",2,fiel,VVFIN,fallen,1560,,
tg,tv63.0,11847,12054,"Susanne, ein Modell.",2,all,PIDAT,all,1560,,
tg,tv63.0,11847,12054,"Susanne, ein Modell.",2,',$[,--,1560,,
tg,tv63.0,11847,12054,"Susanne, ein Modell.",2,die,ART,der,1560,,
tg,tv63.0,11847,12054,"Susanne, ein Modell.",2,vielen,PIDAT,vieler,1560,,
tg,tv63.0,11847,12054,"Susanne, ein Modell.",2,Treppen,NN,treppe,1560,,
tg,tv63.0,11847,12054,"Susanne, ein Modell.",2,runter,ADJD,runter,1560,,
tg,tv63.0,11847,12054,"Susanne, ein Modell.",2,.,$.,--,1560,,
tg,tv63.0,11847,12054,"Susanne, ein Modell.",2,Die,ART,der,1560,,
tg,tv63.0,11847,12054,"Susanne, ein Modell.",2,langen,ADJA,lang,1560,,
tg,tv63.0,11847,12054,"Susanne, ein Modell.",2,Sporen,NN,spor,1560,,
tg,tv63.0,11847,12054,"Susanne, ein Modell.",2,tragen,VVFIN,tragen,1560,,
tg,tv63.0,11847,12054,"Susanne, ein Modell.",2,an,APPR,an,1560,,
tg,tv63.0,11847,12054,"Susanne, ein Modell.",2,Allem,NE,allem,1560,,
tg,tv63.0,11847,12054,"Susanne, ein Modell.",2,die,ART,der,1560,,
tg,tv63.0,11847,12054,"Susanne, ein Modell.",2,Schuld,NN,schuld,1560,,
tg,tv63.0,11847,12054,"Susanne, ein Modell.",2,"!",$.,--,1560,,
tg,tv63.0,12059,12240,ZIBÓLKO,3,Schmeiss,NE,schmeiss,1560,,
tg,tv63.0,12059,12240,ZIBÓLKO,3,dem,ART,der,1560,,
tg,tv63.0,12059,12240,ZIBÓLKO,3,Napolium,NN,napolium,1560,,
tg,tv63.0,12059,12240,ZIBÓLKO,3,auch,ADV,auch,1560,,
tg,tv63.0,12059,12240,ZIBÓLKO,3,den,ART,der,1560,,
tg,tv63.0,12059,12240,ZIBÓLKO,3,Degen,NN,degen,1560,,
tg,tv63.0,12059,12240,ZIBÓLKO,3,nach,APPR,nach,1560,,
tg,tv63.0,12059,12240,ZIBÓLKO,3,"!",$.,--,1560,,
tg,tv63.0,12059,12240,ZIBÓLKO,3,Spute,ADJA,sput,1560,,
tg,tv63.0,12059,12240,ZIBÓLKO,3,Dich,NN,dich,1560,,
tg,tv63.0,12059,12240,ZIBÓLKO,3,"!",$.,--,1560,,
tg,tv63.0,12059,12240,ZIBÓLKO,3,Die,ART,der,1560,,
tg,tv63.0,12059,12240,ZIBÓLKO,3,barbarische,ADJA,barbarisch,1560,,
tg,tv63.0,12059,12240,ZIBÓLKO,3,Waffe,NN,waffe,1560,,
tg,tv63.0,12059,12240,ZIBÓLKO,3,beleidigt,VVFIN,beleidigt,1560,,
tg,tv63.0,12059,12240,ZIBÓLKO,3,mein,PPOSAT,mein,1560,ZIBÓLKO,3
tg,tv63.0,12059,12240,ZIBÓLKO,3,Künstlerauge,NN,künstlerauge,1560,,
tg,tv63.0,12059,12240,ZIBÓLKO,3,"!",$.,--,1560,,
tg,tv63.0,12302,12851,ZIBÓLKO,3,Der,ART,der,1560,,
tg,tv63.0,12302,12851,ZIBÓLKO,3,Degen,NN,degen,1560,,
tg,tv63.0,12302,12851,ZIBÓLKO,3,fällt,VVFIN,fallen,1560,,
tg,tv63.0,12302,12851,ZIBÓLKO,3,",","$,",--,1560,,
tg,tv63.0,12302,12851,ZIBÓLKO,3,Und,KON,und,1560,,
tg,tv63.0,12302,12851,ZIBÓLKO,3,ich,PPER,ich,1560,ZIBÓLKO,3
tg,tv63.0,12302,12851,ZIBÓLKO,3,regier,VVFIN,regier,1560,,
tg,tv63.0,12302,12851,ZIBÓLKO,3,die,ART,der,1560,,
tg,tv63.0,12302,12851,ZIBÓLKO,3,Welt,NN,welt,1560,,
tg,tv63.0,12302,12851,ZIBÓLKO,3,"!",$.,--,1560,,
